{
  "overlap_window": {
    "startUTC": "2025-09-26T20:48:04.476000+00:00",
    "endUTC": "2025-09-26T20:57:52.760000+00:00",
    "minutes": 9.804733333333333,
    "venues": [
      "binance",
      "coinbase",
      "kraken",
      "okx",
      "bybit"
    ],
    "excluded": [],
    "policy": "RESEARCH_g=60s"
  },
  "bounds": {
    "binance": {
      "lower": 0.163,
      "upper": 0.363,
      "point": 0.263
    },
    "coinbase": {
      "lower": 0.16,
      "upper": 0.36,
      "point": 0.26
    },
    "kraken": {
      "lower": 0.165,
      "upper": 0.365,
      "point": 0.265
    },
    "okx": {
      "lower": 0.134,
      "upper": 0.334,
      "point": 0.234
    },
    "bybit": {
      "lower": 0.10300000000000001,
      "upper": 0.30300000000000005,
      "point": 0.203
    }
  },
  "window_minutes": 9.804733333333333,
  "standardize": "none",
  "gg_blend_alpha": 0.7,
  "analysis_timestamp": "2025-09-26T23:19:00.301528"
}