{
  "overlap_window": {
    "startUTC": "2025-09-26T20:48:04.476000+00:00",
    "endUTC": "2025-09-26T20:57:52.760000+00:00",
    "minutes": 9.804733333333333,
    "venues": [
      "binance",
      "coinbase",
      "kraken",
      "okx",
      "bybit"
    ],
    "excluded": [],
    "policy": "RESEARCH_g=60s"
  },
  "episodes": [
    {
      "start_idx": 0,
      "end_idx": 10,
      "duration": 10,
      "lift": 0.845,
      "p_value": 0.028999999999999998,
      "leader": "bybit"
    },
    {
      "start_idx": 100,
      "end_idx": 110,
      "duration": 10,
      "lift": 0.635,
      "p_value": 0.037,
      "leader": "kraken"
    },
    {
      "start_idx": 200,
      "end_idx": 210,
      "duration": 10,
      "lift": 0.6,
      "p_value": 0.03,
      "leader": "binance"
    },
    {
      "start_idx": 300,
      "end_idx": 310,
      "duration": 10,
      "lift": 0.705,
      "p_value": 0.051000000000000004,
      "leader": "coinbase"
    },
    {
      "start_idx": 400,
      "end_idx": 410,
      "duration": 10,
      "lift": 0.975,
      "p_value": 0.055,
      "leader": "binance"
    },
    {
      "start_idx": 500,
      "end_idx": 510,
      "duration": 10,
      "lift": 0.8049999999999999,
      "p_value": 0.020999999999999998,
      "leader": "coinbase"
    }
  ],
  "permutes": 1000,
  "analysis_timestamp": "2025-09-26T23:19:01.244444"
}