{
  "overlap_window": {
    "startUTC": "2025-09-26T21:30:00.000000+00:00",
    "endUTC": "2025-09-26T21:32:00.000000+00:00",
    "minutes": 2.0,
    "venues": [
      "binance",
      "coinbase",
      "kraken",
      "okx",
      "bybit"
    ],
    "policy": "RESEARCH_g=2s",
    "coverage": 0.99,
    "granularity_sec": 2,
    "min_duration_min": 1,
    "baseline": true
  },
  "bounds": {
    "binance": {
      "lower": 0.164,
      "upper": 0.364,
      "point": 0.264
    },
    "coinbase": {
      "lower": 0.136,
      "upper": 0.336,
      "point": 0.23600000000000002
    },
    "kraken": {
      "lower": 0.17900000000000002,
      "upper": 0.379,
      "point": 0.279
    },
    "okx": {
      "lower": 0.144,
      "upper": 0.344,
      "point": 0.244
    },
    "bybit": {
      "lower": 0.118,
      "upper": 0.318,
      "point": 0.218
    }
  },
  "window_minutes": 2.0,
  "standardize": "none",
  "gg_blend_alpha": 0.7,
  "analysis_timestamp": "2025-09-27T01:09:08.101322"
}