{
  "overlap_window": {
    "startUTC": "2025-09-27T01:00:00.000000+00:00",
    "endUTC": "2025-09-27T01:02:00.000000+00:00",
    "minutes": 2.0,
    "venues": [
      "binance",
      "coinbase",
      "kraken",
      "okx",
      "bybit"
    ],
    "policy": "RESEARCH_g=2s",
    "coverage": 0.99,
    "granularity_sec": 2,
    "min_duration_min": 1,
    "baseline": true
  },
  "episodes": [
    {
      "start_idx": 0,
      "end_idx": 10,
      "duration": 10,
      "lift": 0.61,
      "p_value": 0.032,
      "leader": "kraken"
    },
    {
      "start_idx": 100,
      "end_idx": 110,
      "duration": 10,
      "lift": 0.8400000000000001,
      "p_value": 0.027999999999999997,
      "leader": "okx"
    }
  ],
  "permutes": 2000,
  "analysis_timestamp": "2025-09-27T01:16:47.183844"
}