{
  "overlap_window": {
    "startUTC": "2025-09-26T21:30:00.000000+00:00",
    "endUTC": "2025-09-26T21:32:00.000000+00:00",
    "minutes": 2.0,
    "venues": [
      "binance",
      "coinbase",
      "kraken",
      "okx",
      "bybit"
    ],
    "policy": "RESEARCH_g=2s",
    "coverage": 0.99,
    "granularity_sec": 2,
    "min_duration_min": 1,
    "baseline": true
  },
  "episodes": [
    {
      "start_idx": 0,
      "end_idx": 10,
      "duration": 10,
      "lift": 0.705,
      "p_value": 0.051000000000000004,
      "leader": "coinbase"
    },
    {
      "start_idx": 100,
      "end_idx": 110,
      "duration": 10,
      "lift": 0.76,
      "p_value": 0.012,
      "leader": "kraken"
    }
  ],
  "permutes": 2000,
  "analysis_timestamp": "2025-09-27T01:09:08.980682"
}