venue,date,t0,pre_minutes,post_minutes,n_pre,n_post,vwap_pre,vwap_post,delta,window_shrink,insufficient
BINANCE,20250901,2025-09-01T00:00:00.178000000,15,15,0,20855,,108082.76752293328,,True,True
COINBASE,20250901,2025-09-01T00:00:00.072113000,15,15,0,5693,,108090.2437406395,,True,True
BYBITSPOT,20250901,2025-09-01T00:00:00.360000000,15,15,0,6063,,108088.10088967808,,True,True
BITGET,20250901,2025-09-01T00:00:00.043000000,15,15,0,2062,,108081.28206098433,,True,True
BINANCE,20250902,2025-09-02T00:00:00.138000000,15,15,0,10485,,109140.7761613848,,True,True
COINBASE,20250902,2025-09-02T00:00:00.409118000,15,15,0,4134,,109135.83610192323,,True,True
BYBITSPOT,20250902,2025-09-02T00:00:00.392000000,15,15,0,4346,,109143.99769450777,,True,True
BITGET,20250902,2025-09-02T00:00:00.045000000,15,15,0,3063,,109145.30499002547,,True,True
BINANCE,20250903,2025-09-03T00:00:00.078000000,15,15,0,13800,,111394.66665747891,,True,True
COINBASE,20250903,2025-09-03T00:00:00.809455000,15,15,0,3503,,111419.2034020648,,True,True
BYBITSPOT,20250903,2025-09-03T00:00:00.590000000,15,15,0,4670,,111397.00654947608,,True,True
BITGET,20250903,2025-09-03T00:00:00.056000000,15,15,0,2066,,111429.5963874015,,True,True
BINANCE,20250904,2025-09-04T00:00:00.353000000,15,15,0,7747,,111703.88765516657,,True,True
COINBASE,20250904,2025-09-04T00:00:00.272048000,15,15,0,4927,,111728.11053756104,,True,True
BYBITSPOT,20250904,2025-09-04T00:00:01.015000000,15,15,0,2669,,111686.26378380565,,True,True
BITGET,20250904,2025-09-04T00:00:00.444000000,15,15,0,1202,,111699.77849636432,,True,True
BINANCE,20250905,2025-09-05T00:00:00.190000000,15,15,0,12742,,110651.12674669488,,True,True
COINBASE,20250905,2025-09-05T00:00:00.213181000,15,15,0,4028,,110661.20922373408,,True,True
BYBITSPOT,20250905,2025-09-05T00:00:00.552000000,15,15,0,4552,,110669.52557982296,,True,True
BITGET,20250905,2025-09-05T00:00:00.046000000,15,15,0,2795,,110673.64431976347,,True,True
BINANCE,20250906,2025-09-06T00:00:00.189000000,15,15,0,6648,,110627.9353273549,,True,True
COINBASE,20250906,2025-09-06T00:00:00.823925000,15,15,0,3483,,110652.43595425111,,True,True
BYBITSPOT,20250906,2025-09-06T00:00:01.405000000,15,15,0,1818,,110627.57164261716,,True,True
BITGET,20250906,2025-09-06T00:00:00.045000000,15,15,0,652,,110639.82741236275,,True,True
BINANCE,20250907,2025-09-07T00:00:00.230000000,15,15,0,4723,,110207.50509044949,,True,True
COINBASE,20250907,2025-09-07T00:00:00.130010000,15,15,0,1918,,110245.88474503232,,True,True
BYBITSPOT,20250907,2025-09-07T00:00:00.589000000,15,15,0,1148,,110204.51896225015,,True,True
BITGET,20250907,2025-09-07T00:00:00.049000000,15,15,0,588,,110211.01523217579,,True,True
BINANCE,20250901,2025-09-01T01:00:00.178000000,30,30,38898,27065,108019.60948649498,108189.9966971718,170.38721067681035,False,False
COINBASE,20250901,2025-09-01T01:00:00.072113000,30,30,10312,8122,108091.62919378452,108166.26373314495,74.63453936042788,False,False
BYBITSPOT,20250901,2025-09-01T01:00:00.360000000,30,30,11512,8874,108048.43249540066,108191.52144875581,143.08895335515263,False,False
BITGET,20250901,2025-09-01T01:00:00.043000000,30,30,5951,7418,108027.5631851676,108184.65129564887,157.08811048127245,False,False
BINANCE,20250902,2025-09-02T01:00:00.138000000,30,30,19161,19161,109008.51268567347,109173.47947917123,164.9667934977624,False,False
COINBASE,20250902,2025-09-02T01:00:00.409118000,30,30,8503,8832,109028.24103815186,109180.46525404781,152.22421589595615,False,False
BYBITSPOT,20250902,2025-09-02T01:00:00.392000000,30,30,8003,7548,109019.56024026222,109176.08183117173,156.52159090951318,False,False
BITGET,20250902,2025-09-02T01:00:00.045000000,30,30,5925,4621,109013.78021523166,109177.74072086383,163.96050563217432,False,False
BINANCE,20250903,2025-09-03T01:00:00.078000000,30,30,23933,21369,111472.5224209692,111128.61899335674,-343.9034276124585,False,False
COINBASE,20250903,2025-09-03T01:00:00.809455000,30,30,8527,8881,111501.81079357928,111187.99082867517,-313.8199649041053,False,False
BYBITSPOT,20250903,2025-09-03T01:00:00.590000000,30,30,7537,6182,111455.64834333566,111162.09216854665,-293.55617478901695,False,False
BITGET,20250903,2025-09-03T01:00:00.056000000,30,30,4042,6009,111485.39470874256,111171.818378398,-313.5763303445565,False,False
BINANCE,20250904,2025-09-04T01:00:00.353000000,30,30,11833,14578,112094.03658543409,111822.71929384697,-271.3172915871255,False,False
COINBASE,20250904,2025-09-04T01:00:00.272048000,30,30,11066,7791,112122.05388029327,111840.08417182673,-281.9697084665386,False,False
BYBITSPOT,20250904,2025-09-04T01:00:01.015000000,30,30,3735,5676,112095.33691760227,111789.40305191767,-305.9338656845939,False,False
BITGET,20250904,2025-09-04T01:00:00.444000000,30,30,2088,3115,112093.20244570916,111797.26858870829,-295.93385700086947,False,False
BINANCE,20250905,2025-09-05T01:00:00.190000000,30,30,18223,18076,110684.12733137971,110658.24840442657,-25.878926953140763,False,False
COINBASE,20250905,2025-09-05T01:00:00.213181000,30,30,6815,6924,110670.0115697535,110672.79379581468,2.7822260611865204,False,False
BYBITSPOT,20250905,2025-09-05T01:00:00.552000000,30,30,6675,7599,110674.79415100763,110660.66484588209,-14.129305125548854,False,False
BITGET,20250905,2025-09-05T01:00:00.046000000,30,30,4059,3598,110719.06219192444,110671.54789311437,-47.51429881007061,False,False
BINANCE,20250906,2025-09-06T01:00:00.189000000,30,30,9665,8282,110782.74057806635,110799.29205449148,16.551476425127476,False,False
COINBASE,20250906,2025-09-06T01:00:00.823925000,30,30,6944,6512,110778.24790710484,110803.58702157882,25.339114473972586,False,False
BYBITSPOT,20250906,2025-09-06T01:00:01.405000000,30,30,2691,2439,110776.30873342082,110799.43675615755,23.128022736724233,False,False
BITGET,20250906,2025-09-06T01:00:00.045000000,30,30,835,1239,110793.3963953522,110810.4364746768,17.040079324593535,False,False
BINANCE,20250907,2025-09-07T01:00:00.230000000,30,30,10299,11944,110289.37892891568,110423.80815305123,134.42922413554334,False,False
COINBASE,20250907,2025-09-07T01:00:00.130010000,30,30,4191,4852,110297.22417738898,110457.73066380837,160.5064864193846,False,False
BYBITSPOT,20250907,2025-09-07T01:00:00.589000000,30,30,2297,3341,110293.95808577945,110430.79447432599,136.8363885465369,False,False
BITGET,20250907,2025-09-07T01:00:00.049000000,30,30,1930,2975,110295.75472310666,110423.92040607425,128.16568296759215,False,False
