ts,firm_id,price,unit,src,confidence,hash
2024-01-01T00:00:00+00:00,FNB,150.9,bps,derived,96,da7dd07edeefb761f9284510ed06d3f685bb7db2845c6c991ac962fd245e8f0b
2024-01-01T00:00:00+00:00,NED,153.5,bps,derived,96,84c28ee5a7ca7b0ac1a71508733ad8ad9b5c4aab79ebeba92ec026cf8fa8b4a4
2024-01-02T00:00:00+00:00,FNB,151.3,bps,derived,96,201f4ba6f1ec9d890c3233758f4172133186d51d82db82a360e2022acdd2b5e4
2024-01-02T00:00:00+00:00,NED,153.6,bps,derived,96,ea60f8045c15921c4b22b97771dc752b64b956a63a274af7785843f9d880c08e
2024-01-03T00:00:00+00:00,FNB,151.7,bps,derived,96,13c8ad24f80abad265e398f7d2e1e9bef7932a80f5ae974fecdddc5d3bc27d42
2024-01-03T00:00:00+00:00,NED,153.7,bps,derived,96,b3c9c96f286cb898d8d5ee7cd4d07302aa4837527e0c53f537ac3e2c6a32e8db
2024-01-04T00:00:00+00:00,FNB,150.5,bps,derived,96,1b09e36bbf3a842f5b872c336df6e5ae3cc8e5c58c56bb6fe898752a6e6c9fdb
2024-01-04T00:00:00+00:00,NED,153.5,bps,derived,96,2a409db0cb631f23d52a4c1ee1d74ba9e3b72a23b48efee2b69c9c7cd8d68736
2024-01-05T00:00:00+00:00,FNB,151.1,bps,derived,96,01a3b0540678b39a52b7b777303854913af2f0fd0ed0bb3c725e8a07e31e2cb3
2024-01-05T00:00:00+00:00,NED,153.7,bps,derived,96,7cd0d45981dc905214d82a6143d08e0be4d61cf28e3073e324ae44ab52afcef2
2024-01-06T00:00:00+00:00,FNB,152.1,bps,derived,96,4ec78736c2ee83c55dd041c9ed0ab9917b227575086113453a2293048496b4ff
2024-01-06T00:00:00+00:00,NED,153.9,bps,derived,96,da0f21a54c673b3a54df0c1d7ca631ba33864b4f0e359d6bae4e9d4a0c942438
2024-01-07T00:00:00+00:00,FNB,150.8,bps,derived,96,ba7a8030fbfc05ab96d4c07202bbdf553d9d2e1b4236243cc2a3e41b33f0c062
2024-01-07T00:00:00+00:00,NED,153.7,bps,derived,96,e11c73cdf9d3b0e4900e8b11f4c4c1584610601e4676eb6303a9a9e7f6885629
2024-01-08T00:00:00+00:00,FNB,150.8,bps,derived,96,a6f0a03eff5bd844fe191cda95e379dfe18e1a3e466c43c9f412f2716ac3a899
2024-01-08T00:00:00+00:00,NED,153.7,bps,derived,96,f62b09bc651803956e66e47000117b5dfb1345be11a0adafe5e2cbbcee6071fe
2024-01-09T00:00:00+00:00,FNB,151.4,bps,derived,96,e96a739f17f95ff089ca1a13d6a908b44b611476581357bf31ef8e6afa9962d2
2024-01-09T00:00:00+00:00,NED,153.9,bps,derived,96,2fe129f77c14c2464c9bbd3a80439d601549e31113beac9a1562aee21566b391
2024-01-10T00:00:00+00:00,FNB,151.9,bps,derived,96,667f6ceb2b5da9efb3a5141714f93c5834421cd4bb1ed0035520e0a9cba804a2
2024-01-10T00:00:00+00:00,NED,154.0,bps,derived,96,5ce2b180ea23f16428345d1fe45158edc31a4669507d66ed72441343f9e1cdf2
2024-01-11T00:00:00+00:00,FNB,151.4,bps,derived,96,3a8086a844d6bf939c8678ab28650f439d7e55a0f3576c1b5fbd2aef868d6886
2024-01-11T00:00:00+00:00,NED,153.9,bps,derived,96,3e734e8f6901048b1a89a43c6f86285f1b99befae7117aef43b5f8f7df7fce7f
2024-01-12T00:00:00+00:00,FNB,152.2,bps,derived,96,1f94030ef4ea2347320e8dd4612a8b81deb78c875703dce1c25cfc24f448048a
2024-01-12T00:00:00+00:00,NED,154.1,bps,derived,96,9087b9a1d9929c65161709a63b13594f8b8a6b8271ad36fd10d4ac275aaa0505
2024-01-13T00:00:00+00:00,FNB,152.0,bps,derived,96,6b164615f08dfdc85ce0175c223eff1d80e9d0e5d92f439868710d93f96cf284
2024-01-13T00:00:00+00:00,NED,154.1,bps,derived,96,3acc3c4bf94b6c7698fc680146abada911c65a718ba68c967ef390f3772abf3b
2024-01-14T00:00:00+00:00,FNB,152.0,bps,derived,96,78182539ca66487f4db314740fa6ee1ad79818f51636c0645ba056840ea77292
2024-01-14T00:00:00+00:00,NED,154.1,bps,derived,96,6a1e608498d5b3410a70ac58fd1a1755ef5a5b274760216389393f779374097e
2024-01-15T00:00:00+00:00,FNB,151.9,bps,derived,96,e519537ce613fe3a891317090898468b6706cd88243af177f339c8d68f9f1d44
2024-01-15T00:00:00+00:00,NED,154.1,bps,derived,96,7aa5ea37ea3aaba55473f464c429a35a5ec63fdc1a50a6379bfa691678af5675
2024-01-16T00:00:00+00:00,FNB,153.0,bps,derived,96,43e14c434f247efe4d6c2eb9c260a75366d4fa212dc8a7f60d1461f9e4767348
2024-01-16T00:00:00+00:00,NED,154.3,bps,derived,96,150b4e7a653a6812135ecc84c144c182fe91c887ae0c94563ce6f3518d3da63d
2024-01-17T00:00:00+00:00,FNB,151.5,bps,derived,96,bbed0f0e55ceae9a95dfcb0f6d48751803327a928fe6f0a9a421c1c84d52faa2
2024-01-17T00:00:00+00:00,NED,154.1,bps,derived,96,93d63e3e052ca408dc75e9a74eff9f7ef512a235e95d884b51fdb0c082497546
2024-01-18T00:00:00+00:00,FNB,150.4,bps,derived,96,f2f1aa12a367fc33b0b602a280c7f69f7ba907812b37998078ecd4e4fa49c990
2024-01-18T00:00:00+00:00,NED,153.9,bps,derived,96,b2218454fcff8afe29ea15950ed25d21abc0c9b93f53b7d90e99ecc7aad70ad9
2024-01-19T00:00:00+00:00,FNB,152.6,bps,derived,96,07cc98f5b32f5c31126474cc4c454143d37fb8a05afdcb557fa7c4223f6aaf23
2024-01-19T00:00:00+00:00,NED,154.3,bps,derived,96,a0f4c4ce1892480f81a4ed7b53a5e7387db120d0b323f5f472889a4af676f3f5
2024-01-20T00:00:00+00:00,FNB,151.4,bps,derived,96,36f259ffe2bb5108e01a71ad4563472b936734a3f24d5ea26cdd141835bbe68a
2024-01-20T00:00:00+00:00,NED,154.1,bps,derived,96,29b6b721c9bf5603f842c9d74791e8ceaa5c50f39bbe26ed9a7762ba645e3688
2024-01-21T00:00:00+00:00,FNB,151.8,bps,derived,96,eedb53a3b03dc2e1d90c60f19a1a35af9ebf0423e3b647b97a7a0411c85e566f
2024-01-21T00:00:00+00:00,NED,154.2,bps,derived,96,838a00780471376e5c1068089b2fa6fc74328073391f044521092a5144aa6865
2024-01-22T00:00:00+00:00,FNB,152.5,bps,derived,96,d839127d60db96fcfceba95940f188acf3f4356771f702f45711426ba9a6a8e2
2024-01-22T00:00:00+00:00,NED,154.4,bps,derived,96,95a35b9244d542a1da92e1a559e41321bdc4a408ed9c085b4805ec10abae1aa8
2024-01-23T00:00:00+00:00,FNB,150.8,bps,derived,96,1b6f4a578b84a85876d783c8d03c44cbfe8248504f3ea28d1441ef88e83ebdf8
2024-01-23T00:00:00+00:00,NED,154.0,bps,derived,96,953b31da6797c66f90e02f84a30217d47b5e7042b7c982cc3435d35e19e532fc
2024-01-24T00:00:00+00:00,FNB,151.0,bps,derived,96,0f5bbb95b1fdffb2e208a68f113eb45007f9ef56e8a63015e97ca8f7f840b5b2
2024-01-24T00:00:00+00:00,NED,154.1,bps,derived,96,4f70ab110922a46a11f92c8f475f233d18468739c31db754ded0760a2c9303d6
2024-01-25T00:00:00+00:00,FNB,150.8,bps,derived,96,67087ab765900e5ae522b6286fe12faea2f00c8a7917d7263dcce4fed92a89e7
2024-01-25T00:00:00+00:00,NED,154.1,bps,derived,96,fd39da9f543f20b22e56f112fa8d4cb59af61e2e391df9dc77e494b400f6aded
2024-01-26T00:00:00+00:00,FNB,151.3,bps,derived,96,41ce76fec25add11e80f672211c2298bd77d9b79acc6ef362a13f487620f965e
2024-01-26T00:00:00+00:00,NED,154.2,bps,derived,96,38eaf7b8b09ece0fddecc975f33bad7fb34482ab07e79d1e6d2553080f5f7cbf
2024-01-27T00:00:00+00:00,FNB,152.0,bps,derived,96,9e32b54f645e575b130a4de031132b65dabac4f1feb6ac89d5fa54e0789a7b64
2024-01-27T00:00:00+00:00,NED,154.3,bps,derived,96,7822fe629b47654632b472d606ac2b00bec700b57df8873bd4c3b20ae5084c3d
2024-01-28T00:00:00+00:00,FNB,152.1,bps,derived,96,c94b5dc8a1119de05d73d0e894545eaa091c263f769fca157f0a55731c4de2fc
2024-01-28T00:00:00+00:00,NED,154.4,bps,derived,96,2d51ee72c6773bd7282795eedb8d2d1ffa65f1aeca07351ca034d0fe4ec0d6a0
2024-01-29T00:00:00+00:00,FNB,152.0,bps,derived,96,f7fecaaeba1badca9860206d9ccdc6087549f26a1e2e5c3619798ce8169e0213
2024-01-29T00:00:00+00:00,NED,154.3,bps,derived,96,91a147ce0c4f739652ca367c65045c4029aa8d3f0ab8f22055a924f452e1d361
2024-01-30T00:00:00+00:00,FNB,151.0,bps,derived,96,f6c19820587f634ca2e0052e561886f23a8b5c487eccdaccaa9c7ce5e1eaf494
2024-01-30T00:00:00+00:00,NED,154.1,bps,derived,96,db26f95cc21bd9a2fc9d5a9b1225cbe25fca11c35bbbd5127cc6636712be788e
2024-01-31T00:00:00+00:00,FNB,150.4,bps,derived,96,d74d095a696f48bcc9a9eaa9a60c31807cb30b1e7bf4f74833c5c6dc7d63aa35
2024-01-31T00:00:00+00:00,NED,154.0,bps,derived,96,5d8a7c2615bd809d8218e8a25403f59452478d8e6594fc876d5143bd9bf85925
2024-02-01T00:00:00+00:00,FNB,151.8,bps,derived,96,9409f5658baf4491b571d583a25212432f5f373fe30543195f0f51b0ad723eb9
2024-02-01T00:00:00+00:00,NED,154.3,bps,derived,96,3daf64f6a75873578785b15f8c7eb113797b634d1f6b66f4ba8b64530aea67d0
2024-02-02T00:00:00+00:00,FNB,151.5,bps,derived,96,aada512573cafba8aa07d17a59fa82a94cd4ed4f0ba332eeb9fa16a6a8186edb
2024-02-02T00:00:00+00:00,NED,154.2,bps,derived,96,1a6fda1ca5b87789e61823fc5c00beb7a244ece74891abd6513cd9d4d9282abb
2024-02-03T00:00:00+00:00,FNB,152.1,bps,derived,96,86be0434fbc7bf09529e28e171b0cf8447b5979a12dfff7dff759ec8ff85f39a
2024-02-03T00:00:00+00:00,NED,154.3,bps,derived,96,4a3046e81fafee8a0b4af4e954501cd515460dd254bb535b3f569a44bf7f82d7
2024-02-04T00:00:00+00:00,FNB,152.2,bps,derived,96,63faca45c0d46b5d6d7e75aacacfcd2f6c5d59aaa176c4e394cbab51b2772ca1
2024-02-04T00:00:00+00:00,NED,154.4,bps,derived,96,47cc88c758249a84842e246254c5584d88c75f2266058b4278e7480656bf1075
2024-02-05T00:00:00+00:00,FNB,151.9,bps,derived,96,ccc3bb1057e59dd22ae8a1f8b6c919ffc4ad3c20141dfff3ccd17b7303248f31
2024-02-05T00:00:00+00:00,NED,154.3,bps,derived,96,e397b188e860671ea3546910821e93bcb56569ab34a0b9b46a797371b3c8ecb1
2024-02-06T00:00:00+00:00,FNB,152.2,bps,derived,96,3b0dc661ed7aa62c6f70abc9415a83bb9b14e04efdba8c194300f821cee7a618
2024-02-06T00:00:00+00:00,NED,154.3,bps,derived,96,5fc0549b658cb4e9ece5597b8997283517f359e45407225abe7434974e75a892
2024-02-07T00:00:00+00:00,FNB,151.9,bps,derived,96,a888db9c2b53089cf208ab6736c1473ac02f7cfce60c3397e881dad56350313c
2024-02-07T00:00:00+00:00,NED,154.3,bps,derived,96,a4a454caf7ce0dc78af2090efe71eee65acf705bba5c9cba74bc0d195a24c627
2024-02-08T00:00:00+00:00,FNB,152.0,bps,derived,96,ba1b6109e88c90ee27aa895a62aa29aa2d5b76ddc50d1e0b0c89b89ed611290d
2024-02-08T00:00:00+00:00,NED,154.3,bps,derived,96,26df5abf8f31b8e60a7503ee5eaa0c72cc292f38a486c9da0ba1bcf3019697f8
2024-02-09T00:00:00+00:00,FNB,151.3,bps,derived,96,e6360660999d3696c9ad4432b9c7ae167556d23cc044435f1fd803947fcab365
2024-02-09T00:00:00+00:00,NED,154.1,bps,derived,96,d7fdb2b8f149579b41afa6f6528bfe121ade5c0ab592b4b7e2efd0480d24f043
2024-02-10T00:00:00+00:00,FNB,151.6,bps,derived,96,8a559167b142f4bf0570f9f4c26987a2c1fc9599b23e15d5d035d17fe4dc15d0
2024-02-10T00:00:00+00:00,NED,154.2,bps,derived,96,d42a92e20be921b8615a5baf2242be59cd768c1bba9feca697e8c06949fcad70
2024-02-11T00:00:00+00:00,FNB,151.8,bps,derived,96,efa0cb68f0ccbd3838245c4e07b7b89980cff630d2040427973d0994d03c330a
2024-02-11T00:00:00+00:00,NED,154.2,bps,derived,96,45befad24d79c3dc48d094a9efd7a045d637b0c12128ff6154e0b3ac7b2a0d92
2024-02-12T00:00:00+00:00,FNB,152.1,bps,derived,96,3d77462c7c9252c251998d8176f23de4d2e4f78d040ddbad0fa8bba7e7aa873d
2024-02-12T00:00:00+00:00,NED,154.2,bps,derived,96,52c3269eebb08cce4315b8d84d43fb54660d052f8f3926ecc4534163d076fe19
2024-02-13T00:00:00+00:00,FNB,151.4,bps,derived,96,c5a3a733a8ef04331cb453cddaa5d9fe831ad626c1bea9005996c09cee3e0df4
2024-02-13T00:00:00+00:00,NED,154.1,bps,derived,96,fc2e152380e8dc1d37d09045658bcba0a3002e49e8f69cd9322ca97961b16f9f
2024-02-14T00:00:00+00:00,FNB,151.9,bps,derived,96,93ab2aa95d432e9e7e92fec385ec05d2690dd77025071ec356b99e52c47ed399
2024-02-14T00:00:00+00:00,NED,154.1,bps,derived,96,fc727d15fd11ae589323a241f2e2c0e28eb379abca6f0b14507c6dd69dd17348
2024-02-15T00:00:00+00:00,FNB,151.4,bps,derived,96,94b1486db9d81ae9666760205c4262417211e83d8b78de9c5b23773b3d84e7c1
2024-02-15T00:00:00+00:00,NED,154.0,bps,derived,96,aea41cdc46e1a088bf51f2d444468ca33b157937b105587a059ec25d12f0101e
2024-02-16T00:00:00+00:00,FNB,151.5,bps,derived,96,1865874bd6456a7ba5aaca2a62b76cdcdf01f772a80134039ec8c72f2fbbea17
2024-02-16T00:00:00+00:00,NED,154.0,bps,derived,96,6d458608a68485cd90f2f332f8e891fa68212153a876617b8751b7f233d9cd55
2024-02-17T00:00:00+00:00,FNB,152.0,bps,derived,96,a00024bb1f12baa865e3ce0ab8857a0213a1f6a27e8e7b84796f315acda678ea
2024-02-17T00:00:00+00:00,NED,154.1,bps,derived,96,e3dea0fb878d50f3c0bbded04b55cc3ed1fc60b0a3eb52510549bcb54203cc9c
2024-02-18T00:00:00+00:00,FNB,150.3,bps,derived,96,b9ccff341d50b281ca1291aaa86f73bfb0a8bc2a6c2284418914057a804e29cc
2024-02-18T00:00:00+00:00,NED,153.7,bps,derived,96,333a97a3ff0a821068f0256a90b36dff9f1c18cc0c120271c906efec0175a95f
2024-02-19T00:00:00+00:00,FNB,150.6,bps,derived,96,b2a4851aa6480cf07577569b2b475685edd3e34de84ec207ab3b46f096e7186c
2024-02-19T00:00:00+00:00,NED,153.8,bps,derived,96,3ae7e8502415391420797ccba189010f2aafc037dbd965efb6e37c622789660e
2024-02-20T00:00:00+00:00,FNB,150.5,bps,derived,96,c72b538a72b95660086cf85622328a2f99d3f5f2c2b881f7d34b7fe67ea5ba0a
2024-02-20T00:00:00+00:00,NED,153.7,bps,derived,96,d6bc0adc46401c84f08b57ec3994d18f016b2a60f036ccfdbe79f52a160e5b4a
2024-02-21T00:00:00+00:00,FNB,149.9,bps,derived,96,4d40fc88b5511a22c4f9f5cccc9e636b8740a4219b8b0b10dd1286554ec8e44b
2024-02-21T00:00:00+00:00,NED,153.6,bps,derived,96,1763f8f22289c63b3d52ea2ac8c5ae0f5b8446502eb0f573e73f9d764bd0c930
2024-02-22T00:00:00+00:00,FNB,150.9,bps,derived,96,fc6c166c25a05684bf60df2b9dcf24ae0379c370599083d440e10818868da98f
2024-02-22T00:00:00+00:00,NED,153.7,bps,derived,96,43017b4aea30999f3338e11d7841e53b46b34910889920e06f06128b69e66b86
2024-02-23T00:00:00+00:00,FNB,151.7,bps,derived,96,dd06456df459441ca44ed8b65165fcf1d24e7398dba7370860b4c1eb1aca1045
2024-02-23T00:00:00+00:00,NED,153.9,bps,derived,96,571f676fc416fcde52af49225c83983e68e970e867a9d54f4da4bea0062b30b2
2024-02-24T00:00:00+00:00,FNB,151.1,bps,derived,96,f09b69502316b5f93b321c6a36de69788f094a6fe94817a02664177f8626788a
2024-02-24T00:00:00+00:00,NED,153.7,bps,derived,96,c5abe6d7e065a5305a7e08d4d800a66a855075d8aba2c1b6a7af5225f2e132e4
2024-02-25T00:00:00+00:00,FNB,151.3,bps,derived,96,996275f7e848ae52ffd7a3ad2a8045cc3b69b7c5f513b26927aa3c01b8e27bf4
2024-02-25T00:00:00+00:00,NED,153.7,bps,derived,96,6900ee0f6ee8fbc3cd6d0ad4206549fdba116d9a406ba9bcc3afb9db7174cd59
2024-02-26T00:00:00+00:00,FNB,151.8,bps,derived,96,f13993cf4034d55d865e4c1056b33cadc4e9f22806a5c4b6ac096ddf70fc6e68
2024-02-26T00:00:00+00:00,NED,153.8,bps,derived,96,2571a7a163c1a0dbc5e3451f7f2e971aabe88dee5e8f0053ec8e2775f84fffe3
2024-02-27T00:00:00+00:00,FNB,151.9,bps,derived,96,ec8ec07b6bb0f57c9375b019eba25e9b3a04325e8a71294e87c08f77162ce006
2024-02-27T00:00:00+00:00,NED,153.8,bps,derived,96,662d2b686e1097d0ebbb9ea48c29725fc07705e38e8a74b8040e4c271ee8f877
2024-02-28T00:00:00+00:00,FNB,151.0,bps,derived,96,9a2399065573d56050631624c12f9ff1f5ad918ac90d528cfa250c3180f93da5
2024-02-28T00:00:00+00:00,NED,153.6,bps,derived,96,8380f8c1599555c2c245c69057ee3cbb25cf1e63bb08bb80a8ff3d177228a9e7
2024-02-29T00:00:00+00:00,FNB,151.8,bps,derived,96,82cb0d4306caa108cafc581d549c15449545cb157dc357c288540401810620c4
2024-02-29T00:00:00+00:00,NED,153.7,bps,derived,96,450c053bf2c78ad2c9de4a803da55f53af4e2ea3cd41b37239cb5f601bc5c2be
2024-03-01T00:00:00+00:00,FNB,151.0,bps,derived,96,b9c69216d7b27d898ab5d2e8c21d82ec55b8e810b61e4395503aeae166bd56d4
2024-03-01T00:00:00+00:00,NED,153.5,bps,derived,96,320f6374dad488250f9205d144255b91c77062d0951ce73de3e0db4bd0858233
2024-03-02T00:00:00+00:00,FNB,150.4,bps,derived,96,b609ed04978da99351bd54e8969bdcb87ffd98c7cff6b7568d275ed7bf045867
2024-03-02T00:00:00+00:00,NED,153.3,bps,derived,96,112c6f341053965bb2c936fc0ac6cd074b5254cc4ea88f19e13db9aebfe941a6
2024-03-03T00:00:00+00:00,FNB,150.5,bps,derived,96,5678c7701a52d5b4ae5738390c5fc1b5a98c408fb33d8f9c741fa166260bf464
2024-03-03T00:00:00+00:00,NED,153.3,bps,derived,96,8da2ab92567161656eefad1227d76d4ded32452e606f435763ccb556064cf92e
2024-03-04T00:00:00+00:00,FNB,150.0,bps,derived,96,6e3f476dd5cc5731c698f7faf482a425410c90d41daef19820ce1fbc2b029b30
2024-03-04T00:00:00+00:00,NED,153.2,bps,derived,96,e3235bd7c0d8a2605d9fd56891356a6acfe7f5569c834b813a93f08084d644f3
2024-03-05T00:00:00+00:00,FNB,150.3,bps,derived,96,d0bfe8461ac0b3fba982ad94079fce675308cbad44f391da4a849bf27985a363
2024-03-05T00:00:00+00:00,NED,153.2,bps,derived,96,83d7a22790404346de4abd28ab292e1bf5174f828fec0cc41834e918f04faf28
2024-03-06T00:00:00+00:00,FNB,150.6,bps,derived,96,9527679eb73959b9985f9a0733f8f6189bf19d0259cd393cae1077f180e065b5
2024-03-06T00:00:00+00:00,NED,153.2,bps,derived,96,395c6b27aa10e1c056338a9e62c0ce1f4c4a973ba2a25a3615d1e92abca06466
2024-03-07T00:00:00+00:00,FNB,151.2,bps,derived,96,ef0f0abd5b3b4093420c8ac1b72ff044dc706167938300e5cd8e0ca5def446f4
2024-03-07T00:00:00+00:00,NED,153.3,bps,derived,96,4d59fd79f4c698bc9c5610c9c1ab98733dc9e7259fe39a89167e785759e73b75
2024-03-08T00:00:00+00:00,FNB,151.7,bps,derived,96,64f1bbf4968827f5f794954b0046922617bcd001e75173b4e722e53d30befcb2
2024-03-08T00:00:00+00:00,NED,153.4,bps,derived,96,c5a4da0ffcb35a205a60c638743742c0949ccb466835d61413c7fc18fb76fd18
2024-03-09T00:00:00+00:00,FNB,149.8,bps,derived,96,2b63f5bfe7647d493c3cdc830c9a7e5f7b843a2fd29f11c00eb56e1615a39d01
2024-03-09T00:00:00+00:00,NED,153.0,bps,derived,96,e01885f4a690627ec234858471acad904a58d7dc9aebbb714fbc9c0b2e35ba6f
2024-03-10T00:00:00+00:00,FNB,150.9,bps,derived,96,7a8c9f364ef19f5285dcb31257bfa05d5dc92935fabd46a69ef316d2fa2ba1a8
2024-03-10T00:00:00+00:00,NED,153.2,bps,derived,96,7e96306ef96098791b1a2c749702b24dcf5770ed983baa9703182eadc51df2a3
2024-03-11T00:00:00+00:00,FNB,150.0,bps,derived,96,5b208e24c432a597f5b3688982d48b4aaf585e8fc4ac2b646042348ad5b049b4
2024-03-11T00:00:00+00:00,NED,153.0,bps,derived,96,67247ca5e40e6114093df8a59f89fd6a959bede8d8ef196b92f085df4e1d7075
2024-03-12T00:00:00+00:00,FNB,150.8,bps,derived,96,6b0171e0a052471e57b14019d1c82a39080c466b3545aa4279f5a50c9f7a9d54
2024-03-12T00:00:00+00:00,NED,153.1,bps,derived,96,a58c52aa3eb19e9bd5b11e85a46d9cb8d4735b4fae15cc0de2602f003f5c8aeb
2024-03-13T00:00:00+00:00,FNB,150.4,bps,derived,96,91948461ff915b68a9e2653bbb0e9b728b36aaa40c7da0c9db2214d3340a6756
2024-03-13T00:00:00+00:00,NED,153.0,bps,derived,96,11e34d62b160bdbdae0032aa5727547ceddea8ed87d36c4c4734cc04c7d835df
2024-03-14T00:00:00+00:00,FNB,149.4,bps,derived,96,f637bf11e3148c6c0128bd0ad739c44955a0aeef64418a801fd8db9b67aade79
2024-03-14T00:00:00+00:00,NED,152.8,bps,derived,96,5ef5155b793c7a915a83678b55d41fb9e459bd02cf57253a95fb70159c642c58
2024-03-15T00:00:00+00:00,FNB,151.0,bps,derived,96,238ee6caf704a22e37bc5133a636d1d94753d3187394325924cc2598999c2999
2024-03-15T00:00:00+00:00,NED,153.1,bps,derived,96,498fe48e0c71422ce87e3d969716cdea11288bc6842224fe5d0888749252a6e2
2024-03-16T00:00:00+00:00,FNB,150.1,bps,derived,96,bd9e215c8e6b436dc8ff48fa35e602c236413c3af99170b1a1265ad7ba8f0ffc
2024-03-16T00:00:00+00:00,NED,152.8,bps,derived,96,e8ab93d74d2a4078c4af61be477cbaf583e7983bc562d842f0afe612c118f66a
2024-03-17T00:00:00+00:00,FNB,150.1,bps,derived,96,3f57c4815f042119a7ceca218ba0bb6b6744e87c676f4d40becca1efd15e413d
2024-03-17T00:00:00+00:00,NED,152.8,bps,derived,96,820e6ccdc1c121424a82937754f21df8235f7cbe63b38fed10706a7bd4755264
2024-03-18T00:00:00+00:00,FNB,149.7,bps,derived,96,1a1940977be35ea5c1d0d9573b0c0bbce61913437c19b2f0e000eb79b6547a08
2024-03-18T00:00:00+00:00,NED,152.7,bps,derived,96,5d2adda10dcc983655d6b912d33cd9a38de72b9165fbbbf722f1e1bbfd292793
2024-03-19T00:00:00+00:00,FNB,149.9,bps,derived,96,76d05ee2a75e99500c6ecb9186747099e580fa6ff7d0c9930841ea0d92f7d069
2024-03-19T00:00:00+00:00,NED,152.8,bps,derived,96,c47c5f85dab8c87adb5bf3b76f6a611376c04aaf5cfc520f53895c39785446d7
2024-03-20T00:00:00+00:00,FNB,150.6,bps,derived,96,8e9c4fc83665d470fab12264be93f76c3ca12b4ed04c578f6531b03f7e937d45
2024-03-20T00:00:00+00:00,NED,152.9,bps,derived,96,93aca003996660a6a32eec501455bb860fe007e483576b77f9a840472f4e2894
2024-03-21T00:00:00+00:00,FNB,150.2,bps,derived,96,9ee46efbd10133aa174c8f1ddc6e11b3815ad2c2650e6a269d1cbfe59bd0c123
2024-03-21T00:00:00+00:00,NED,152.8,bps,derived,96,1fea15e1e3cc55efbdbe175b63c01765b37a97048f2638966b36b11b449d8567
2024-03-22T00:00:00+00:00,FNB,150.5,bps,derived,96,de8ee5f40fc11a0c6b5ba828867db1cbbbcbe325fb6f39dfbc3c124e1bafdd65
2024-03-22T00:00:00+00:00,NED,152.8,bps,derived,96,7b9b15119ac956b0bf36ac20ba7d86532779b6b32b14cac26035efee6297ad91
2024-03-23T00:00:00+00:00,FNB,150.5,bps,derived,96,98e2c2a35f47b39a9317a96d1ca29998bf7db57cc6622c7764e5e22bf92331f1
2024-03-23T00:00:00+00:00,NED,152.8,bps,derived,96,565d27c1644a7e231ea6609405a586cfb662c8cd983fa5fa6d6ef473895d4e3f
2024-03-24T00:00:00+00:00,FNB,151.0,bps,derived,96,27042f9c4f1dd8f1fa9dd59fb602e945a8e1fb6b5a67ff6e557524e138715f1b
2024-03-24T00:00:00+00:00,NED,152.9,bps,derived,96,07298e5748f5d329c67da933cb06f13519a2b12c4695630bf81fa009be910832
2024-03-25T00:00:00+00:00,FNB,150.0,bps,derived,96,ac513bc2be38462b61890d3a1f7927609ab582035892fbcc62f9a23ef3e0b671
2024-03-25T00:00:00+00:00,NED,152.7,bps,derived,96,96e240c4ef8259bb96d93cde9204b28275fde01f324f5123aff920c8c0614a09
2024-03-26T00:00:00+00:00,FNB,149.3,bps,derived,96,46546f3f08c57234e22b90c48d11bdb06f647cb40e2d8f344e7bf08f7845b1f8
2024-03-26T00:00:00+00:00,NED,152.5,bps,derived,96,26407b699efdf2227b7e066c1ad8f27e64e1c43e059b0f83419ebbb318435040
2024-03-27T00:00:00+00:00,FNB,150.9,bps,derived,96,acf425ccccde43f7c06b017b28e3972ea0497b4c8fcd98a68308b839b42e6961
2024-03-27T00:00:00+00:00,NED,152.8,bps,derived,96,50234a76d6d869de885ddce6584b02c3ab38f352c597f9f6272156b3fc565101
2024-03-28T00:00:00+00:00,FNB,150.0,bps,derived,96,51f98b3fb0a814e48313c51c99af184164547d5e1979a5c8bf82a5044cab957c
2024-03-28T00:00:00+00:00,NED,152.7,bps,derived,96,23dea08c9278d8a6a7e060f3550a6ee928e0c4e6af260c4f3ccd708e1a524a3c
2024-03-29T00:00:00+00:00,FNB,150.9,bps,derived,96,49c5cd0fe2f90da640ac5ef2e4843973f73a63e41d7739350bb5a16966175ad2
2024-03-29T00:00:00+00:00,NED,152.8,bps,derived,96,d8f4854bc21a676ea0e60cded35b0bc7ba327f3cce6ff752c439572347f4bbbe
2024-03-30T00:00:00+00:00,FNB,150.4,bps,derived,96,ca78e84264b8e9975d238a5c3fa08a01d7fd8f92480a548b0e712fc80eedfab8
2024-03-30T00:00:00+00:00,NED,152.7,bps,derived,96,abdde12faa36663ee0ee367e807bfd13328973e27820608d0556f61fac2bf13d
2024-03-31T00:00:00+00:00,FNB,150.1,bps,derived,96,550b3c558f6a216fdad950d3153d0788bf17e45e5d6f7bae9aec1c943f733d2f
2024-03-31T00:00:00+00:00,NED,152.7,bps,derived,96,30e3915ae32c2ac0c7e98408ea71a8c843295cdcb8f8421d63bc67563d0fa346
2024-04-01T00:00:00+00:00,FNB,150.4,bps,derived,96,ecb403b67c9875fbdead99261dec16d50926193531cce15f85db443673356fb3
2024-04-01T00:00:00+00:00,NED,152.7,bps,derived,96,95b53f92979d6cff6de78b1b424aebba045002f141a03ff6374a7c713d0fccfb
2024-04-02T00:00:00+00:00,FNB,151.4,bps,derived,96,fb3e2a27e76dd2064ffce7346402e5e7964557751ddd863457f8017e1dcb0834
2024-04-02T00:00:00+00:00,NED,152.9,bps,derived,96,53faab03e236fd7af070510d691dd7ba5551d82153ffc54d1605e3a24e5da7b7
2024-04-03T00:00:00+00:00,FNB,151.5,bps,derived,96,1d5a1169897c6218fb9241fc1c7ce176f33a31a61f02f12231855d13242ebc54
2024-04-03T00:00:00+00:00,NED,153.0,bps,derived,96,e0681523cd6a0ae16d97a8be6f67b8427e4a7074e89ae56df65a7aec2ba71311
2024-04-04T00:00:00+00:00,FNB,150.3,bps,derived,96,fbaa25539cf7b87bb538fc1933f6fedbf130e0264caf46a3d56441821c5678c8
2024-04-04T00:00:00+00:00,NED,152.7,bps,derived,96,fe1ade1409ae84cf6ca285336e4a53f8268475329e66f8851921ed2c803db507
2024-04-05T00:00:00+00:00,FNB,150.3,bps,derived,96,5cafa084f2c29794248aee89a55213aa1d8c839b051d794ade7e44336de78281
2024-04-05T00:00:00+00:00,NED,152.8,bps,derived,96,fbb7f8f4ccebf60fe00f5fbdd0e2890d53aa28689fdc0a4c60ad6c43acfbfe65
2024-04-06T00:00:00+00:00,FNB,150.9,bps,derived,96,8b74dbc8ef815fb7cabb9e6eeddc8aa44814c6d97b96408422464f246329a245
2024-04-06T00:00:00+00:00,NED,152.9,bps,derived,96,34d3c5f9b3bd80384a16427a8248d5b7ceadcc95d1fc1518b78fd4bad9e87a1a
2024-04-07T00:00:00+00:00,FNB,149.8,bps,derived,96,da46a6e1f902ccff7fdd601a0a1da1b6c9e064d7796f4e16de4bfc752ea4a5f4
2024-04-07T00:00:00+00:00,NED,152.7,bps,derived,96,3c0c1fdfd68388a54721118ab78c1b48b5542a71377878e76578fe02099b3123
2024-04-08T00:00:00+00:00,FNB,150.5,bps,derived,96,375049c0e8d64cc6a7cdf584ae4f46db9b89be191aa318fef3b3bd82a9343847
2024-04-08T00:00:00+00:00,NED,152.8,bps,derived,96,15190aba5e91dc31b7b668a42d7b896c528c520ee41de356698b5d3bf49f7f0c
2024-04-09T00:00:00+00:00,FNB,150.3,bps,derived,96,fe83b8258665f3767b3d78d5b7732c6bf03f4425f049b9b16268e992fa23a614
2024-04-09T00:00:00+00:00,NED,152.8,bps,derived,96,c56bdab3e72680b5951557facdb743bd2b89cf3daddf0aa2ed3a157e005ba84b
2024-04-10T00:00:00+00:00,FNB,150.5,bps,derived,96,9a22fe76d629dd551c11a15e98ffca840c2a6ec307fcf6a83f87df15d38d7697
2024-04-10T00:00:00+00:00,NED,152.9,bps,derived,96,8c3bd720af67c79addb5a93530b60ff4f68e38a55364da00ad59658bc55352b2
2024-04-11T00:00:00+00:00,FNB,149.8,bps,derived,96,6d17fd661ee877661010e495e9c7472c2e0a681162137b235c830cefa4ddbb82
2024-04-11T00:00:00+00:00,NED,152.7,bps,derived,96,9c40748dca1517772b197df3cdb381c7f956a0a7acf97a952a164e31f3dc38e1
2024-04-12T00:00:00+00:00,FNB,149.4,bps,derived,96,4e168a7b0e2e54dfd5fe97e28a23aaa71fd7447322b9dac93438f566efcfb1c1
2024-04-12T00:00:00+00:00,NED,152.7,bps,derived,96,94f2bf263216acbdcae15535acf036ce32bbe638cb0ffd922052ec8655f12266
2024-04-13T00:00:00+00:00,FNB,149.2,bps,derived,96,a20900e2141241022ffc6ca66b248e97e7bb58fc7882743d6a2918402f48c68a
2024-04-13T00:00:00+00:00,NED,152.7,bps,derived,96,0800f3b42448a400a04bdc784e93b0bb01d81837822571978eee895ec81f9fc7
2024-04-14T00:00:00+00:00,FNB,149.8,bps,derived,96,c76758fb5d526a981eb18cf0da7dce38624be2a03827389b3732556125f13726
2024-04-14T00:00:00+00:00,NED,152.8,bps,derived,96,1d30381fad7139bbce12a55f0b33700ba2bd848948b0e7af351453433936f178
2024-04-15T00:00:00+00:00,FNB,150.2,bps,derived,96,335d24254738464663fae9d4d210f448de32277aa0e8262d8bc80ec7425c8f7a
2024-04-15T00:00:00+00:00,NED,152.9,bps,derived,96,2c965ff5e76cc451cfc9cc35bd66e09dbf62e1b38f0d5488fdad2f2f39cc3eaf
2024-04-16T00:00:00+00:00,FNB,150.3,bps,derived,96,6bab3338ec72597b1068cb4905a56feb7500c1abff7082f8d8959f52b3da15ce
2024-04-16T00:00:00+00:00,NED,153.0,bps,derived,96,2a42000af318b186ed556c930908b39e0eac90f4c7f735c89c71f31e4e6d5370
2024-04-17T00:00:00+00:00,FNB,151.7,bps,derived,96,a6dd73f64164d3d08d4420e60ba38fc501288b9660e1fd00efb043846fd715b0
2024-04-17T00:00:00+00:00,NED,153.3,bps,derived,96,0f954f50a1ccd012e6c07d2ff7a7e29f0b413eb8d5da2e53edd278f9d4829fd3
2024-04-18T00:00:00+00:00,FNB,151.2,bps,derived,96,7ed642fd228703ab7a46884546973701748a094474b7ae6bbe6bfe1546bd75e5
2024-04-18T00:00:00+00:00,NED,153.2,bps,derived,96,c62022c0a52fafc3a3a5bd4e0dfaf98c31379f1a55980f9775c65183e2f92627
2024-04-19T00:00:00+00:00,FNB,150.0,bps,derived,96,0bdbab747983285c0167d92ae97801d050753393d92a5f2f62526914c88b7168
2024-04-19T00:00:00+00:00,NED,153.0,bps,derived,96,680fc21ec0edb87822e1d9e9eaacff9bdfbede59fb156cc664e4f58723ade5a2
2024-04-20T00:00:00+00:00,FNB,150.8,bps,derived,96,3214670b5aed95985b4506c91eab1c5159995804fda739ad2d4f427c3ed83e52
2024-04-20T00:00:00+00:00,NED,153.2,bps,derived,96,ce42c80ada749cf040642b94ada02af16f286fa29637cb0756e20d30495479bf
2024-04-21T00:00:00+00:00,FNB,150.4,bps,derived,96,ec317c6bea9334130e831a12f4d7b6f56b3d6c84e7ebcf9c081d4c9ae1d47f74
2024-04-21T00:00:00+00:00,NED,153.1,bps,derived,96,6425c94dc8e8d219adb8609ef0b57e9548161ffb45af5fbd7adccfd14ca0fb18
2024-04-22T00:00:00+00:00,FNB,150.5,bps,derived,96,a2f808b6910e1e445756d9da4ff393b1c4e2f78e80428632775c6c0b4bbce9a1
2024-04-22T00:00:00+00:00,NED,153.2,bps,derived,96,188b2dd00bcbfefdbf7b1ca6c6de7206cd424d45513f80bbcf756def335d85c1
2024-04-23T00:00:00+00:00,FNB,150.9,bps,derived,96,2ef6cda6e85b2a67fb098ef1c393024795751a3bc169ea0d9ac6f9cfa03cec05
2024-04-23T00:00:00+00:00,NED,153.3,bps,derived,96,53e33fef88d6c16dadffbb2168c3b5b09feae653189b25d6fec8532d9eab5ec0
2024-04-24T00:00:00+00:00,FNB,151.2,bps,derived,96,9d08483ef28a4a22c8acc268fcc75d8f457c3b3a9f48973e4573bc267a85c38f
2024-04-24T00:00:00+00:00,NED,153.4,bps,derived,96,0e495baeb352f16cee94f5ee377f98ddf30a9d14c1e87588339279f46bb1c044
2024-04-25T00:00:00+00:00,FNB,150.6,bps,derived,96,542b9657d5bc90ac3a4503ccb4f8db76260cd3175a649a3249b64c05fa4e1234
2024-04-25T00:00:00+00:00,NED,153.3,bps,derived,96,de576a6c50252aa85601b698b028cbb297d902dcfa500dffd148897418e353e3
2024-04-26T00:00:00+00:00,FNB,151.5,bps,derived,96,296d5c90b04af6872c0dc7ff9721ea8b8cbce02638c307e832b2c3fd8a249d7d
2024-04-26T00:00:00+00:00,NED,153.5,bps,derived,96,74db8d003026a610efb9d561205b2a807f3c8af66c5a243d27df5f7d63074a9d
2024-04-27T00:00:00+00:00,FNB,150.2,bps,derived,96,e8acd1978284d86f26b8762c2a84aad1bb60340e1f223b526ab7085a29191114
2024-04-27T00:00:00+00:00,NED,153.3,bps,derived,96,fc93853a4b9b255e535540d25007a921fcbe918cfb3932f6f6761782f9965f2a
2024-04-28T00:00:00+00:00,FNB,151.0,bps,derived,96,14e8b4f2046c64a7d11c13ed02ba3659f1ffc6ffae4577305426637e9d3db18b
2024-04-28T00:00:00+00:00,NED,153.5,bps,derived,96,8f3606e63ff609c8170af3a1871fb370d0e9b3bf5ff495bcd36e2e529454ed6d
2024-04-29T00:00:00+00:00,FNB,152.6,bps,derived,96,b099fcb53e4aa1bc156ff8dc46b92467f6f34c9646a1cc6ddf9362e34f69eec7
2024-04-29T00:00:00+00:00,NED,153.8,bps,derived,96,cd8eb1721d93d2f7e830b4c1b495b7b913c4f2281434c66d34cbc1ab6a3d9899
