date,Airline_0,Airline_1,Airline_2,Airline_3,volatility_regime,market_condition,demand_shock,coordination_period,fuel_price_proxy,capacity_utilization,competitive_intensity
2015-01-01,201.98685661204493,198.39511811245666,200.78338102039072,199.67713367956569,high,bearish,False,False,101.67619343534975,0.7362361928947129,3
2015-01-02,201.66076021648786,199.51844884882598,197.09685071905824,200.21863524995766,high,bearish,False,False,95.60657083349633,0.6602120287197369,4
2015-01-03,204.47842427578914,199.7957283588517,198.95677164881468,192.4527424187278,high,bullish,True,False,97.55701105116432,0.7916490350453197,5
2015-01-04,210.79735181892434,200.41324087055008,192.37324534936639,196.3448612350408,high,bullish,False,False,101.1085822442487,0.7125058615095761,3
2015-01-05,210.08739379109335,197.54785720619057,196.71652336973128,197.95747060969512,high,bullish,False,False,106.15059006683018,0.7009590248510732,4
2015-01-06,209.3772979760436,197.8723499159733,198.83336531213044,202.17596306188068,high,bullish,False,False,96.55377594229138,0.700825311022826,5
2015-01-07,215.92034704083667,200.09054088371863,200.08368205214947,190.81713935186946,high,bullish,False,False,97.76837787899015,0.639428513907479,3
2015-01-08,219.21597887378508,206.1210082312356,204.24033890426833,199.39653108732915,high,bullish,False,False,108.03046215884874,0.718536757845663,3
2015-01-09,217.56361877373283,210.18362897926397,211.12777412580618,199.06371001839602,high,bullish,False,False,101.37883108153284,0.752311343676603,4
2015-01-10,219.95899043808268,219.02149029931616,215.41038587588469,203.72157277535203,high,bullish,False,False,99.19638575202889,0.7115716431362771,4
2015-01-11,218.32999484225297,216.1767752231841,208.27156412597824,199.78662424227008,high,bearish,False,False,107.06696517828858,0.7552580357844179,4
2015-01-12,216.69124446293299,219.89022640502785,203.37742489399645,202.46188849748137,high,bearish,False,False,101.3210033660747,0.6944003299766505,5
2015-01-13,217.88270556771914,220.8472064465033,201.10176260173577,198.4718382633088,high,bearish,False,False,109.23642995608378,0.733946827080018,3
2015-01-14,210.45259007990285,229.8294236701889,201.42913229339402,196.19976791134047,high,bullish,False,False,101.11684126623108,0.7601814478417279,4
2015-01-15,203.77526798117174,226.81857976008928,203.7221176065915,204.07824255812864,high,bearish,False,False,103.97227869475654,0.7571855588919862,4
2015-01-16,201.74776129844582,223.68133582560418,201.04078578821566,203.53715638931322,high,bearish,False,False,109.82850658941112,0.6707632281387221,3
2015-01-17,197.91732512553085,221.50465355225083,202.00874115454667,204.62777619045482,high,bearish,False,False,104.30423041355395,0.7324050501506656,4
2015-01-18,199.3943985332408,213.22915473234042,199.20729350246225,208.32813119053873,high,bearish,True,False,109.54607942458358,0.8415312746575337,4
2015-01-19,195.98153321009747,211.34536562455892,196.980453269436,210.53008972137067,high,bearish,False,False,105.76664662827825,0.7363215429053068,4
2015-01-20,190.55064767046247,208.52716424405025,191.57213814774923,211.3500946076511,high,bearish,True,False,116.32961211570557,0.7650019080426461,3
2015-01-21,196.6306219506028,209.34611859440926,188.09658436775976,213.02731782197014,high,bullish,False,False,114.58991440323793,0.7631224262997897,4
2015-01-22,195.94389782498075,210.92952357384198,182.90622702161852,222.85736123924735,high,bullish,False,False,100.428412113313,0.8491009222008001,4
2015-01-23,196.4293458204105,218.64954210738355,179.21806918638723,222.84222122779104,high,bullish,False,False,110.00089207518772,0.83841514279921,5
2015-01-24,190.94459489057115,222.66547927514227,183.64687818783307,223.8608592296654,high,bullish,False,False,103.6262472585813,0.8174592218818055,3
2015-01-25,188.9801653073472,220.5709659673694,180.06238394738207,228.27657812857262,high,bullish,False,False,108.98211440291367,0.7315836814208735,4
2015-01-26,189.63576967994402,217.18922129573332,190.803826220489,232.9105958741619,high,bullish,False,False,108.68037077312587,0.8013443287253497,4
2015-01-27,185.24247563325233,219.36757824475688,192.9877780870101,237.86939735940095,high,bullish,False,False,103.37305295721714,0.8148969675805523,4
2015-01-28,186.95466813431923,214.29604584435853,193.93652300947377,240.6337186752019,high,bearish,False,False,114.25132150580944,0.7546587461017754,4
2015-01-29,184.76018826118505,221.829955794317,190.71116677528997,236.26977391082102,high,bullish,False,False,110.2816731691952,0.7491257292211138,4
2015-01-30,183.80011729382912,226.7544203090193,193.7191103247431,243.01020407184257,high,bullish,False,False,108.14526122673111,0.8809374714112916,4
2015-01-31,181.59857911408196,225.08300596977085,191.6218472889624,238.63011076893824,high,bearish,False,False,107.67881371232677,0.783653462724601,5
2015-02-01,189.21151986966552,218.43429587095517,192.3137145650917,240.04448064744219,high,bullish,False,False,110.86601360758142,0.8824201285330598,4
2015-02-02,189.359854679775,224.0521090766781,202.75637642722808,237.22970095642597,high,bullish,False,False,112.50151115455408,0.8544735484445531,4
2015-02-03,185.3297867528113,223.79472548452748,202.5729126171894,237.1739233589139,high,bullish,False,False,110.12866860302096,0.8279293144668888,5
2015-02-04,188.81915111622217,228.94517544741944,207.36919063733018,238.68815771512595,high,bullish,False,False,96.87942900103738,0.8330468403671584,5
2015-02-05,184.13332747463843,222.76501577054236,204.754035895127,240.1711375352274,high,bearish,False,False,111.41169224284147,0.743251408599752,5
2015-02-06,185.16465685687896,220.56339068094877,204.80995693536067,242.05469555439004,high,bullish,False,False,104.40168824813307,0.8264297245535404,4
2015-02-07,177.5201337040638,220.77852282252542,212.08731682060665,248.70369797332853,high,bullish,True,False,110.84026030345429,0.8897262519660779,3
2015-02-08,172.3997879965007,221.158843685615,209.77184707748617,250.71023366741508,high,bullish,False,False,105.13960871252262,0.8556912751379888,4
2015-02-09,173.3778318986523,219.54918075837315,217.21224026814903,249.9242060849276,high,bullish,False,False,105.35124962993362,0.8320542124065301,4
2015-02-10,176.52045750578097,222.22933977491016,220.23200729711792,253.96931404522806,high,bullish,False,False,118.87697537947751,0.9126105224882003,4
2015-02-11,177.3928106483756,218.14573807521452,218.1690202113756,258.91407601876136,high,bearish,False,False,111.36477629079229,0.8204003258221022,4
2015-02-12,177.11517922566694,217.76118184197367,220.88361287444198,254.1886064650577,high,bullish,False,False,111.24195870020318,0.8012749112420435,5
2015-02-13,176.09376936514462,218.4253692906561,224.95683559478374,256.76121166629196,high,bullish,False,False,115.89400947723529,0.8425054881348361,4
2015-02-14,170.36069164552538,220.66413486874157,227.62508568550302,259.746912877386,high,bearish,False,False,111.88056699154085,0.8756585644746109,5
2015-02-15,167.6602930690956,223.68957263824615,221.52316506309023,258.7356371210951,high,bearish,False,False,124.50061647194818,0.7539261553226981,4
2015-02-16,165.9946475542841,219.36791383992232,218.7915259288184,264.4153739433692,high,bearish,False,False,112.86041623584622,0.8564985825692839,4
2015-02-17,170.39794124880402,213.4062619466241,217.9762561762567,263.9899563848834,high,bullish,False,False,116.29086156878982,0.8851695958655632,4
2015-02-18,171.94507894891498,218.68963377605525,217.85118700169357,264.6649267406067,high,bullish,False,False,119.55538013954313,0.8335246535617451,4
2015-02-19,165.06340778640381,220.1893792829134,220.50436485083605,264.143128902411,high,bearish,False,False,122.94302841868281,0.9046658612216147,3
2015-02-20,166.5280238485774,217.36371332128158,221.38344903916348,264.37372527733123,high,bearish,False,False,111.44840187165873,0.8836436586200229,3
2015-02-21,165.15373209947288,223.73435859593243,216.20810897688384,260.15466230231124,high,bearish,False,False,113.29079966598515,0.9608753277773374,5
2015-02-22,162.6098057847721,224.36081881962693,217.89266206743076,254.55822045845707,high,bullish,False,False,121.97120982480193,0.8184523596042828,3
2015-02-23,165.21796474002892,229.2394613557756,220.49645884845938,261.09769451125027,high,bullish,False,False,119.86157945849442,0.8996481719071141,4
2015-02-24,169.5010772256252,229.66864967702847,222.89473503579603,257.8689635135895,high,bullish,False,False,121.39548629790809,0.8093298708057878,4
2015-02-25,173.3829418680378,238.06838554250422,227.3746021039623,254.06013828171203,high,bullish,False,False,109.37968212377291,0.7814637258518762,4
2015-02-26,170.18041558743553,245.24409272456538,230.86463453444622,245.6009216395855,high,bearish,False,False,124.16200112587788,0.762443481421684,4
2015-02-27,169.0954801289681,244.40015017558645,232.85326889629738,243.19698869376487,high,bearish,False,False,112.80890261981847,0.8930756044822712,4
2015-02-28,170.56998943748462,248.4358895623062,232.7220616333651,238.05408510303718,high,bullish,False,False,117.76642628286642,0.8772620096187744,4
2015-03-01,188.5886702276279,267.5875918959727,255.4244668483474,262.1038008303273,high,bullish,False,True,116.24789520167076,0.8459375430282083,4
2015-03-02,186.67464945262938,268.7958781161907,252.26824707691478,254.02893186711756,high,bullish,False,True,112.77561628309748,0.7830050879608976,4
2015-03-03,186.0258712458669,266.4266217104453,257.34798800672706,260.93124980773246,high,bullish,False,True,110.27929222851915,0.8389003791493077,3
2015-03-04,181.3970015757377,269.9403625799902,244.68197111806168,246.44103345132683,high,bullish,False,True,108.79153927400812,0.8753124489554989,4
2015-03-05,176.37708824768626,250.54900861077041,244.24051448005102,250.73153652527932,high,bearish,False,True,118.26949897750983,0.9164025378120544,3
2015-03-06,180.03207481206667,266.4584124163394,240.5308221813295,238.99430634994792,high,bearish,False,True,110.20620844477047,0.8775012514469962,4
2015-03-07,186.03305715979957,265.21551903020315,254.2883823872923,268.52254285324375,high,bearish,False,True,112.31684585562608,0.8924622554458689,4
2015-03-08,185.8611248037967,272.4223225705554,250.2089399913652,244.54019024175494,high,bullish,False,True,117.04354205096487,0.8625305953708529,3
2015-03-09,190.33264061955867,272.46852095810317,260.3328756408537,276.6934444711415,high,bearish,False,True,105.08211049163373,0.9702227400556901,5
2015-03-10,192.0282415124718,280.2803847873438,258.07350046318214,250.207671913995,high,bullish,False,True,122.30807489642486,0.833219281145637,4
2015-03-11,189.3717151095216,277.104053240126,254.54515246410435,276.72334237606304,high,bullish,False,True,106.49531008882504,0.8504855983793344,5
2015-03-12,191.06037170957822,276.0305656208983,255.24396556688987,252.93168251758445,high,bullish,False,True,118.28397586569456,0.8620904745239085,5
2015-03-13,197.82913376027142,290.3901768456106,258.96704786935504,289.83626234701785,high,bullish,False,True,118.8664958520327,0.9150492170894485,4
2015-03-14,197.7958065890258,288.6446502577342,265.43197464840983,259.54781420715227,high,bearish,False,True,121.59670953917168,0.8371210198932822,3
2015-03-15,204.67348735741703,295.4817765833034,270.2409979917201,297.4662876184793,high,bearish,False,True,118.8074034373022,0.8969440040199166,4
2015-03-16,193.47157005801017,285.8560551313976,262.85886852494167,257.61313599502,high,bearish,False,True,129.20912669604772,0.8994413759401432,4
2015-03-17,197.1345152187567,283.9218519910588,259.61102146547876,295.6413709303436,high,bullish,False,True,120.29929291899245,0.8574591865748306,4
2015-03-18,197.61981400766012,290.84552921437455,271.2632834387039,262.5272893431667,high,bearish,False,True,124.57820531250502,0.9096004062107101,3
2015-03-19,196.43427204944018,282.38652582921543,258.21581061260815,300.5871405473117,high,bearish,False,True,115.77954989499443,0.8435779444565872,4
2015-03-20,196.93374888404938,283.04945771741217,267.21551824620616,261.1643901547754,high,bearish,False,True,120.08162874924719,0.8389247400599111,5
2015-03-21,188.44740899683418,274.3992149283948,247.3264848817238,293.6713015477514,high,bearish,False,True,127.29091216477791,0.9005109047224049,4
2015-03-22,187.59525978984934,272.71753987661185,255.92910368455202,254.13280051639157,high,bearish,False,True,118.43401697198604,0.8132371466804392,3
2015-03-23,189.2316838771758,279.3713852808048,248.27255856202999,293.4451192637669,high,bullish,False,True,120.64729071095682,0.7896210337722946,4
2015-03-24,195.70673819195318,283.8179174014412,264.36912295821725,261.02503949789997,high,bullish,False,True,124.64818299150755,0.9240808224980417,4
2015-03-25,193.55520791765312,290.8778723809041,249.3032721407592,302.16986375203015,high,bearish,False,True,116.08472445838326,0.9504072177229728,4
2015-03-26,190.14674934660198,277.67115516182736,261.5682182616165,253.70500793397963,high,bearish,False,True,109.03416878923942,0.8750795486237273,5
2015-03-27,188.06022207029056,283.9645464846749,243.26567865868938,292.6045839756663,high,bullish,True,True,121.16006556260668,0.8654184403355598,4
2015-03-28,192.0926453012286,279.4325222402115,261.8427038352693,254.0468317477825,high,bullish,True,True,124.8598865169912,0.9494421680007399,4
2015-03-29,193.58755362002577,289.39313668606854,251.68657591298006,297.9173745283075,high,bearish,False,True,113.18776159708705,0.842172993315523,3
2015-03-30,191.37050596130257,272.42296527288175,257.956558900983,255.4590039834892,high,bearish,False,True,123.31863761572953,0.8315067500573705,5
2015-03-31,193.65614698738196,288.8379404737168,247.65822153712656,299.53622436036517,high,bearish,False,True,123.3690090580572,0.9352235923990193,4
2015-04-01,179.75986513912204,223.1003174271769,237.71772551338998,263.4983337401099,high,bullish,False,False,108.62742117827494,0.90040093406413,4
2015-04-02,183.69179442578013,222.7295453118852,243.41246459865883,259.6257334904832,high,bullish,False,False,115.31826785098052,0.9532409470946556,4
2015-04-03,180.9379722566706,218.6429662286076,252.66244729953576,258.781591096895,high,bearish,False,False,118.0194574122658,0.7929727192203422,3
2015-04-04,179.67875492274152,216.47980025968087,251.2625243102391,261.0332307454552,high,bearish,False,False,119.09345370978173,0.829882037553651,4
2015-04-05,178.15879564852756,211.73676202764017,249.52898756295073,257.2083262643153,high,bearish,False,False,116.26295895385724,0.9005029057691792,4
2015-04-06,172.35025319525155,219.64117989855816,255.38804281067394,257.6753456281516,high,bullish,False,False,115.97476082840106,0.920481433387309,3
2015-04-07,173.57729843351285,219.82479823644803,261.74889552359974,252.3818077784818,high,bearish,False,False,128.29242745233833,0.9416999843487515,4
2015-04-08,174.6611341067008,217.06551078894614,259.69706999945515,250.01595178714533,high,bearish,False,False,119.36655639618004,0.9077844089951846,5
2015-04-09,174.71825750873737,217.95810000734974,258.05299230653844,251.33174909918222,high,bearish,False,False,116.39258279576917,0.906910768733107,3
2015-04-10,173.81363894971014,217.54251778305976,256.95958384556974,244.9935041395289,high,bearish,False,False,119.61952355101177,0.8787836322042352,4
2015-04-11,168.18295263287217,216.68943603629057,251.61257845279633,246.78619974273417,high,bearish,False,False,122.46252829371748,0.9773159865293435,4
2015-04-12,166.52824181596586,219.1739733106194,247.96584114101466,246.73551902118257,high,bearish,False,False,119.98105685038794,0.8420780768947941,4
2015-04-13,165.18233605860937,222.2289564595592,243.97423038275696,248.97043114760174,high,bearish,False,False,118.63430152030313,0.9145804023722268,5
2015-04-14,161.99527000040513,220.1289948877993,240.9250831410227,249.88813070254264,high,bearish,False,False,116.34705205856505,0.8465809122897723,4
2015-04-15,161.3692706185968,217.84486539007634,240.8054870563313,255.3638358872937,high,bullish,False,False,116.21487799440065,0.9219942495076369,4
2015-04-16,163.00172855115065,216.76091310676546,241.75860049177308,255.88098840318105,high,bullish,False,False,116.45910919001314,0.842630632755011,4
2015-04-17,170.5598491508846,207.5666054427149,247.97397945792116,254.17674323357184,high,bearish,False,False,121.05908800638711,0.9308409349483573,3
2015-04-18,171.26867218735757,201.51635297906637,243.99107508011167,254.67644503084662,high,bullish,False,False,114.30524800072567,0.898366731968572,4
2015-04-19,172.3065334741675,206.9915097727633,247.9360243979369,256.85729687091106,high,bullish,False,False,121.14792391803337,0.9790477366697566,4
2015-04-20,172.01357146628516,213.57620228195077,247.08489067621719,257.05755880739616,high,bearish,False,False,126.14630477929092,0.8767623276479884,4
2015-04-21,164.3404850238551,212.58205654249136,246.88903425637352,257.2219239909778,high,bearish,False,False,120.60397451786494,0.9110026831003667,5
2015-04-22,164.23362037216972,214.88747524482594,249.58750307515146,254.4131480898623,high,bearish,False,False,117.01600167454605,0.8496564791682818,4
2015-04-23,164.47094099195675,216.12887564302298,245.09301476892514,251.75794419968142,high,bullish,False,False,112.25620434401438,0.8730737373708106,4
2015-04-24,174.31753547632113,228.43802491126718,246.6162797880846,246.1411491469059,high,bullish,False,False,126.51473476780146,0.8915294812546565,5
2015-04-25,173.53896205130482,232.90719499111367,247.272959055045,253.13032655376185,high,bullish,False,False,112.64596323357561,0.808599518742133,3
2015-04-26,174.7332852151436,232.38365841969494,249.23089790558194,248.14300740670103,high,bearish,False,False,122.60523913806747,0.8127430929476487,3
2015-04-27,174.57985506174998,228.54691358272055,250.37298940664056,245.35680354094472,high,bearish,False,False,121.41596200962569,0.9122266920583149,4
2015-04-28,169.8878635421143,222.10384893253269,260.17691059712655,242.46589510951034,high,bullish,False,False,116.89508084362772,0.8734848975078963,4
2015-04-29,174.43920050880104,222.89774918462828,257.6059963687479,246.02563832591483,high,bullish,False,False,116.61423114690776,0.8496449250057104,4
2015-04-30,177.4243255898805,219.84973915382344,255.45940149907307,244.82323256307907,high,bearish,False,False,108.59546458638073,0.8408909005450205,4
2015-05-01,180.56321651900635,214.1354874563864,252.94160253432767,249.78896399472762,high,bearish,False,False,119.26398213266606,0.8412121314998449,5
2015-05-02,176.8978237585206,211.5213529781095,250.6918511163798,247.06715855644538,high,bearish,False,False,120.54771279807825,0.8801083471114036,4
2015-05-03,182.47857647699777,207.16473643838467,248.11187808188654,248.15271068007334,high,bullish,False,False,111.83194139493568,0.8950252129625564,4
2015-05-04,176.8381913788333,213.88032213167958,252.8349633593214,244.778341620039,high,bullish,False,False,116.32238280014836,0.7664095402366774,3
2015-05-05,179.1501086039998,217.37137000944278,258.4814692012463,253.32342698109795,high,bullish,False,False,117.10988733687942,0.9398474804568413,3
2015-05-06,187.87391642161236,217.301464758549,256.160469340621,248.53501861935254,high,bullish,False,False,119.65752142043769,0.934431620953998,4
2015-05-07,183.87128040815227,223.18075060117172,252.79055633526673,249.7338107473233,high,bullish,True,False,116.56280212554094,0.7489051292719049,4
2015-05-08,181.5631509904729,223.44728533249395,254.63328006154407,252.22597977178344,high,bearish,False,False,108.21642286669046,0.9177765311811236,5
2015-05-09,181.91639913054283,219.95679120690025,252.37903056413958,253.8358188413088,high,bullish,False,False,113.49772603873454,0.914235091427022,3
2015-05-10,179.85475005387156,226.0015410557724,254.86301137495514,253.04692174559148,high,bullish,False,False,117.06516078268899,0.859442593266816,3
2015-05-11,173.60199111754616,228.1070760184502,255.62459824629946,252.4775337345969,high,bearish,False,False,119.93957303193085,0.7924608821230765,4
2015-05-12,173.82381013891913,223.9056585232932,249.50918890845938,252.6003467446622,high,bearish,False,False,112.42899240916842,0.9059331591446501,4
2015-05-13,169.51986651523117,223.08957504217523,255.64448094499608,251.95760996936468,high,bullish,False,False,126.23607718143255,0.8409167247719569,3
2015-05-14,171.35724403230483,219.53010982316914,262.77099943191115,255.75613423107728,high,bullish,False,False,105.60158794367345,0.8781834750695305,4
2015-05-15,167.62032457725536,213.93968838119753,260.2606221518593,264.5390037193284,high,bullish,True,False,112.02711726645013,0.9594162450154853,3
2015-05-16,173.75864315058567,217.5829795245843,258.6483968653755,262.24761753255723,high,bullish,False,False,114.19772192090596,0.8587207369148793,4
2015-05-17,170.56204883988508,225.15706494510917,259.72827728691954,256.7048244728853,high,bearish,False,False,113.37209172800414,0.7979141408717565,4
2015-05-18,169.20809461289937,219.49708648766958,261.0003962847046,256.2859881173173,high,bullish,False,False,107.97381946247816,0.8245587613695371,3
2015-05-19,172.3943640026357,221.68116395468954,263.5667738956536,266.5370259881922,high,bullish,False,False,116.12835078093649,0.7994181524097258,4
2015-05-20,167.4010522616608,219.0087392029631,271.5377375754799,263.2524732410742,high,bullish,False,False,115.49491323837886,0.8580689156905187,5
2015-05-21,168.2390194595303,216.98836512735733,270.7580761249567,269.7370679223035,high,bullish,False,False,113.62561502073288,0.793554699970761,4
2015-05-22,173.3937373981719,214.54493635191372,267.4910340683148,276.3740181001211,high,bearish,False,False,114.78743084025133,0.8076395441221055,4
2015-05-23,166.8880089569376,211.01317777020506,261.89796165326726,274.0838696302997,high,bearish,False,False,110.74784835084968,0.7644457853605183,3
2015-05-24,167.54884515181067,211.1295650427282,258.8965422542434,276.28210270778465,high,bullish,False,False,104.51462706914454,0.8194100679209165,4
2015-05-25,168.50881260486207,207.7262008531418,258.6844706388059,282.7161254763565,high,bullish,False,False,108.74922491165154,0.8321619822842301,4
2015-05-26,171.5547156866547,208.72663975094454,265.7813136875605,281.11822610709,high,bullish,False,False,112.84503024843663,0.6863581710580197,4
2015-05-27,166.5237400997157,208.44251456972128,263.6276957479891,280.2207319232538,high,bearish,False,False,112.5972438188779,0.8308138955204704,4
2015-05-28,161.15699743712045,207.40180617199755,264.4379313442866,277.8090920572011,high,bearish,False,False,111.71069447716879,0.8127529805875565,5
2015-05-29,163.158145409697,203.68493323394011,264.28562147010456,273.6634468445386,high,bearish,False,False,113.96421386449252,0.7739571278078672,4
2015-05-30,164.25780562397702,201.28956943301404,268.95091608524416,270.9780581856219,high,bullish,False,False,108.02849523012179,0.9107737007872124,3
2015-05-31,165.1698807400941,204.2212380510506,278.96874950347217,265.9924008333064,high,bullish,False,False,110.77794806250148,0.8543692541497256,3
2015-06-01,166.4642023470845,206.13343557055063,276.7538031807934,266.03726347534587,high,bearish,False,False,113.2121740970884,0.7486969777430676,5
2015-06-02,163.65110061097675,202.1302117415627,274.70304256092675,262.86436770131746,high,bearish,False,False,109.63136530307432,0.842469987934418,4
2015-06-03,164.48562471119592,202.4330502748547,278.7851953807782,263.7050206600556,high,bullish,False,False,103.54032326681575,0.8597943328895152,4
2015-06-04,165.56198029777536,205.34266446172657,281.41682703266815,257.3855037686258,high,bearish,False,False,104.64774233744787,0.8011528879881333,4
2015-06-05,162.60724134849465,198.56771006006585,288.706323058437,258.6116914203084,high,bullish,False,False,113.30488914288185,0.8095783770622165,4
2015-06-06,169.9716522069469,200.64246364345885,290.94334861361415,261.8471200806174,high,bullish,False,False,115.8057238540543,0.805350963739494,3
2015-06-07,171.76698825776768,197.8919729748491,289.40618461763955,253.77218187750518,high,bearish,False,False,114.40989720291874,0.6810440236918205,5
2015-06-08,166.90051603887323,200.07310941913786,291.66754571032493,255.1671499268116,high,bullish,False,False,109.38185484245086,0.7728672710948871,4
2015-06-09,169.42425586913242,196.91759818869167,295.99988542838037,259.9753512924286,high,bearish,False,False,101.89057276521484,0.7671167156537815,5
2015-06-10,165.42188479276447,189.59442539057494,299.1781697577112,255.03314282220515,high,bearish,False,False,107.55729909062654,0.8473983505729027,4
2015-06-11,168.46545595026294,182.97948838157095,301.10249862466907,261.6186651120846,high,bullish,False,False,115.08090790941024,0.7893827156746749,4
2015-06-12,172.99399540825135,183.06598531017525,305.26335452498444,263.1888982915076,high,bullish,False,False,110.04049832596792,0.7546000161310207,4
2015-06-13,169.60439525596365,183.99800443818032,309.8336660078863,260.2619799895931,high,bullish,False,False,105.58703694261436,0.7617380085107867,4
2015-06-14,173.35004875715862,180.2728869219804,315.25445095625406,259.93105266317997,high,bullish,False,False,109.44195857878512,0.8141576032271604,5
2015-06-15,174.89238948619737,182.71847377838264,317.7405075279054,262.0555773345596,high,bullish,False,False,99.62440031419638,0.7504845303104782,5
2015-06-16,178.0709636343024,175.96272703743387,316.96236871476503,262.2499324083363,high,bullish,False,False,102.16379636439737,0.7215117558818034,5
2015-06-17,185.54763427108455,175.58790654901097,317.4387221666647,264.29445508428813,high,bullish,False,False,99.8903036009695,0.7393274959147679,4
2015-06-18,184.45479466951525,170.6325546124033,322.15347089514034,260.50047357441287,high,bearish,False,False,107.3266552628175,0.7968227689018873,4
2015-06-19,181.3278262215834,167.91318639069277,318.7737044206895,261.0658930800553,high,bearish,False,False,108.21537597878186,0.7712568300817108,4
2015-06-20,177.6570574684029,167.99007004128006,320.1356866215027,255.29832405775701,high,bearish,False,False,103.54041616494277,0.7453088616768018,5
2015-06-21,174.2804676618207,164.43506791342375,318.4489827054728,254.7400711456417,high,bearish,False,False,99.60831047390559,0.7493065535482757,3
2015-06-22,173.85812432622134,162.78290923856153,318.45002549926915,251.01050408183966,high,bullish,False,False,103.53645028415437,0.7083648338385009,4
2015-06-23,175.10825787109118,166.69360612102258,323.44935859530165,247.95390995708382,high,bullish,False,False,100.86345747977492,0.7232660993093069,4
2015-06-24,176.10005899148962,164.27107656600833,324.0987927904596,252.78332058100395,high,bullish,False,False,98.97568914594189,0.6964002106053802,4
2015-06-25,179.2933924664411,167.4984454930763,324.1691394618916,257.0331615421884,high,bullish,False,False,104.3108219436814,0.7114195709563645,5
2015-06-26,179.22961347618968,162.86383151668278,318.6139283402088,259.35392746805405,high,bearish,False,False,98.48442917912561,0.7900528160985212,4
2015-06-27,184.92762671271652,164.86692515624148,321.4828195322153,254.86855333726132,high,bullish,False,False,94.1005053728036,0.6654289498073811,4
2015-06-28,183.75259041513397,170.51679067424232,323.94834729214887,253.48651057385138,high,bullish,False,False,94.86897364665649,0.6814595766635784,3
2015-06-29,194.51662293074455,160.51356852298525,332.48472203462273,258.2222572230202,high,bullish,False,False,93.23006525300674,0.6497487327240774,4
2015-06-30,196.90246376094603,157.20915894024486,331.1367805339523,258.6722963167213,high,bullish,False,False,102.14037993836045,0.6354827656954144,4
2015-07-01,208.82542110647944,166.64038617337192,356.28182179557587,275.2662745179297,high,bullish,False,True,101.31103315568502,0.6962514639382774,4
2015-07-02,204.07275707704787,162.49967152601417,347.0466592736187,267.2980251768161,high,bullish,False,True,100.71762662781124,0.671269802462665,5
2015-07-03,206.03059511305352,162.78975262335365,350.82080449928026,270.6844003104512,high,bullish,False,True,102.80964097843761,0.7867942736999884,5
2015-07-04,204.93881369887754,161.59808489775295,348.0653764043462,270.0688680924593,high,bearish,False,True,105.48677173568095,0.681127447242064,3
2015-07-05,207.89694923827693,162.87974262401744,349.3404297182844,275.84674137763716,high,bullish,False,True,96.2217795150085,0.7563009648628419,4
2015-07-06,209.81511971569208,164.3429605471015,354.709977095214,276.7882356735279,high,bullish,False,True,100.87187599961648,0.7367952098812756,5
2015-07-07,209.3744681958265,163.8169957634643,349.6648025876973,278.6554518290512,high,bullish,False,True,90.59813093467545,0.6745143769558475,3
2015-07-08,205.5905290144808,163.47801301038774,348.63409869978085,270.20665290579865,high,bearish,False,True,105.04692205740893,0.7870405123652029,3
2015-07-09,198.92089376568043,156.32770567305576,337.1294826005153,268.1156029564671,high,bearish,False,True,91.5869284359309,0.6915375455934574,3
2015-07-10,196.8668037116421,158.71351844834885,332.9708489677193,258.8178657773116,high,bearish,False,True,93.91903806802415,0.7503448999324628,4
2015-07-11,200.44170541147037,161.55294662213512,337.97167708588415,269.6910417679545,high,bearish,False,True,94.14000396309831,0.7411153598967009,3
2015-07-12,201.24230813667515,162.13444149232342,332.8851933910971,259.1744912645366,high,bearish,False,True,89.15715412448907,0.6886174903362404,5
2015-07-13,195.73694754238593,158.2277897841988,330.42563691837785,260.2240380895595,high,bearish,False,True,96.61229490330211,0.7020507125528854,4
2015-07-14,196.361887436109,157.72557018569765,326.1158024315857,253.65105559751683,high,bearish,False,True,97.18089494005417,0.6923173267464414,4
2015-07-15,197.9038781921054,159.32164789238468,334.10866861985824,261.1015407465965,high,bullish,False,True,94.82741653344867,0.6005317773139787,4
2015-07-16,193.9637089581523,154.78672527895927,323.71080327414506,251.44363906173209,high,bullish,True,True,87.73760641541422,0.6572529634783468,4
2015-07-17,194.50662515467965,157.5617287957118,332.5404580056846,257.1639656619848,high,bullish,False,True,105.02148515631336,0.7047579015177811,4
2015-07-18,194.63769282347695,155.37727940516675,319.6265990132623,252.21852368517781,high,bullish,False,True,97.51786601228511,0.7240264361658518,4
2015-07-19,189.580502594603,150.9625411779907,320.8603845131477,253.51868649238733,high,bearish,False,True,107.6115274302742,0.6083721885286464,4
2015-07-20,191.0074738408576,153.03007113386005,316.54816350036185,247.28673889211012,high,bullish,False,True,90.08522136483252,0.6675492407332907,4
2015-07-21,193.31233391237666,154.96443831660207,319.37099243033816,256.9547025729118,high,bearish,False,True,98.5722717760148,0.6453721170151759,5
2015-07-22,197.8743796663457,156.8205747741669,326.2325702499657,257.99697385933683,high,bearish,False,True,97.35316289452891,0.6286742313465011,5
2015-07-23,202.3111144842348,159.7236148164519,327.4949757524438,266.53171772826124,high,bearish,False,True,91.67978700458544,0.6491267566619736,4
2015-07-24,196.24499013180682,153.62698975127887,329.21452349027635,255.83504274123948,high,bearish,False,True,99.86581824352766,0.6390055079156222,3
2015-07-25,192.08014211024286,150.29412147689624,315.06592945153807,255.96872839836257,high,bearish,False,True,90.46354238817871,0.6519763027061053,3
2015-07-26,194.1928505788921,153.61898109497696,325.73894538878824,253.2819965596505,high,bullish,False,True,90.36838617165645,0.6938142707352973,4
2015-07-27,196.30141273920668,152.66373461108842,324.4733248261667,258.6527054300405,high,bullish,False,True,74.50026083322305,0.6577804824723846,4
2015-07-28,198.41672673900246,157.47803798718002,327.9431323302127,255.16146295045155,high,bullish,False,True,93.58952710905963,0.6309734313470996,4
2015-07-29,214.95218593564923,166.60528525175556,346.3021447167109,276.3379299419065,high,bullish,False,True,84.60631598133759,0.7055699082386501,4
2015-07-30,217.31149288058108,170.92581633701252,348.7896908572847,276.82756525808054,high,bearish,False,True,88.17233230089556,0.664755862587748,5
2015-07-31,222.111646371758,170.14099183736968,352.53398558854667,281.9605020912573,high,bullish,False,True,85.48959798612222,0.6015870398683061,5
2015-08-01,209.37865062830627,155.01775936767905,329.4749743287718,261.15803942353017,high,bullish,False,False,88.48707187062918,0.5423262755545596,5
2015-08-02,211.88935987797896,149.00855862900917,328.9834151181037,265.406765931306,high,bullish,False,False,92.23802909731654,0.5507947454162703,4
2015-08-03,210.53490396815482,153.49019587057415,336.27658417103163,267.212179931563,high,bullish,False,False,89.7776877890576,0.6438814221539196,4
2015-08-04,213.47892263460676,154.7523232850307,331.90438689020596,267.02021388106135,high,bearish,False,False,92.97657988541044,0.562768110366165,4
2015-08-05,210.2973277181265,153.0008775710975,325.71199214817705,270.20098501953254,high,bearish,False,False,95.46604288425952,0.5409761782077162,3
2015-08-06,209.26136636861793,155.44331811297414,322.8556729461035,275.67312829305325,high,bullish,False,False,87.00665156795503,0.5506020461790821,3
2015-08-07,207.23287489354743,164.4390522604376,322.5862915969274,277.81733223470656,high,bullish,False,False,86.17383036386532,0.5512974501349239,4
2015-08-08,207.47502582099128,165.08117165057016,323.47430376411677,277.7733970839787,high,bullish,False,False,93.07472347216304,0.6253932354276424,4
2015-08-09,216.65004762550743,165.99044153359358,322.4257470705135,272.4424396924001,high,bearish,False,False,93.19420661330668,0.5722525979069564,5
2015-08-10,209.09914856228448,164.07115964257667,323.75213036371474,268.1001467472427,high,bearish,False,False,91.43835781452023,0.5087353047250796,3
2015-08-11,211.7641656766418,160.59175851757675,318.6659490198122,266.79922428268327,high,bearish,False,False,82.70457203613665,0.5762069055864517,4
2015-08-12,205.23513312986807,163.83493272173862,324.36283837409013,264.28300641203106,high,bearish,False,False,89.31251316342102,0.5831056849815419,4
2015-08-13,203.2711305804296,160.33432233182242,323.95795857423917,263.4588461138085,high,bullish,False,False,87.48415057369785,0.5454011324625714,4
2015-08-14,207.5525906879036,160.5462450003045,328.3527996201962,263.6111035330015,high,bullish,False,False,91.94086758952878,0.6245764830374396,4
2015-08-15,207.73733954797794,158.56324399693654,329.6513297893995,265.65750333412086,high,bullish,False,False,83.55922989258654,0.5431889591181387,4
2015-08-16,203.35599795897403,160.40880082263544,331.40798018872795,265.30514574459784,high,bullish,False,False,77.83992382006228,0.6171466370899761,4
2015-08-17,200.4264664641832,161.67513258603222,333.61873265190576,267.18283566215166,high,bullish,False,False,89.3776358523211,0.5891036574879461,4
2015-08-18,203.0786230968304,165.75905799997236,335.3433325288836,267.3744989583007,high,bearish,False,False,72.89225109806121,0.6031712055456875,3
2015-08-19,200.0930403604693,163.65487619506084,337.8501073588612,259.40851648339265,high,bearish,False,False,81.78840346598987,0.5,3
2015-08-20,200.89691189504725,162.5134136301374,343.10475465564093,255.5892120843677,high,bearish,False,False,80.09617717149004,0.5570370568927202,4
2015-08-21,201.01942441157732,158.53858392392297,343.83106449136164,254.95308701839602,high,bearish,False,False,79.8330415774923,0.5471857490914717,5
2015-08-22,198.35547010619715,156.70385796866162,346.6095266067588,250.0567551320747,high,bullish,False,False,81.01256163744155,0.5,4
2015-08-23,206.8759487666289,158.15776224397152,346.1952861327403,252.40117235519,high,bullish,False,False,90.62410133734609,0.6006253713760249,4
2015-08-24,209.35861499972285,161.1327068543748,351.9027451383601,258.47116582838663,high,bullish,False,False,88.42410076137347,0.5023431918180484,4
2015-08-25,201.20735458320067,157.39335548777257,349.1464858602313,263.2955231652842,high,bullish,False,False,82.8514000067055,0.510622142724881,5
2015-08-26,201.90483281780604,160.82344014372282,356.30190856740217,262.393412657091,high,bullish,False,False,89.57160261712835,0.5,5
2015-08-27,199.21172954310015,166.20003416331033,356.0953193491925,268.3103597888585,high,bullish,False,False,78.39019454084655,0.5720761194703028,4
2015-08-28,202.57791693415732,167.8102278280774,350.32867299259254,268.8614836695392,high,bullish,False,False,77.51328138179699,0.5,4
2015-08-29,199.36672864487565,175.27630574275878,350.79998531668485,267.4720344495162,high,bearish,False,False,87.63058082577388,0.5640197153186376,5
2015-08-30,198.8691465788899,172.14251264622635,348.03714238666726,264.97978749523423,high,bearish,False,False,86.02365096602782,0.5834800475063188,4
2015-08-31,200.85295612235493,167.12775426052383,351.3635770101653,263.7337691768249,high,bearish,False,False,80.64194855669419,0.5562915770273961,4
2015-09-01,204.28236100764653,159.97925737351787,348.71946520156683,262.14744601127114,high,bearish,False,False,77.08883920345231,0.563292860911751,3
2015-09-02,199.45010937571135,165.93236861576253,346.90366546499564,262.798044897061,high,bearish,False,False,89.89278092981836,0.5639185390251886,5
2015-09-03,198.08361376836828,168.52134057719948,339.3170118772342,263.41185015728115,high,bearish,False,False,73.82673736204092,0.5,5
2015-09-04,196.15794188944955,168.27311125928276,337.481895965963,263.3981436036199,high,bearish,False,False,79.27344906162233,0.5943925363666186,3
2015-09-05,193.5213582751652,169.36971908057257,327.7631119754577,265.12262959861584,high,bearish,True,False,83.25203789806048,0.5,4
2015-09-06,200.56255564669732,164.84714330178676,321.4068810919225,269.86459510816894,high,bullish,False,False,90.96885001355355,0.5162608788344646,4
2015-09-07,202.16453235614006,174.61220108585303,324.4305895820987,273.6448615155332,high,bullish,False,False,83.72773665307025,0.5014904900094935,3
2015-09-08,197.10573743044944,175.11382670540345,327.55853110835153,267.69001053338314,high,bearish,False,False,84.07335053117957,0.5412953787049962,5
2015-09-09,200.76463791090998,175.5388585760645,329.24781404773285,257.46177868601677,high,bullish,False,False,78.68992403996528,0.5,4
2015-09-10,209.24344716386994,178.4321095365687,325.37009394012546,261.1892427958833,high,bullish,False,False,84.2497224870076,0.5174189998182145,3
2015-09-11,213.36624360735237,180.34908186479333,325.1721839168353,255.71466340349937,high,bearish,False,False,81.80984865769555,0.5,4
2015-09-12,207.28446843083663,181.2403226492102,325.1534784477734,254.811306483229,high,bearish,False,False,73.22249861592297,0.5698814736051863,4
2015-09-13,205.3460236428725,178.07691633092983,320.5185111945041,250.12934588249243,high,bearish,False,False,85.01658848258785,0.5440561894487332,3
2015-09-14,210.41496326483434,179.9640847846892,326.53339942678804,242.92271915738772,high,bullish,False,False,85.79658110489723,0.5,4
2015-09-15,207.58839982519612,187.4962971934262,330.04696301192763,245.09268449304375,high,bullish,False,False,84.85977813555247,0.5,4
2015-09-16,209.37062639984129,192.88492624010638,329.17005517866926,248.1362539963146,high,bullish,False,False,80.91360013400603,0.5397010173726551,3
2015-09-17,212.47896011768788,199.2674702507932,329.2873960387766,245.84000989753693,high,bearish,False,False,75.87578098829715,0.5,3
2015-09-18,208.7838977374604,197.2352670511533,330.1335867766516,235.48850023504215,high,bearish,False,False,69.02617564990067,0.5119892088515083,4
2015-09-19,208.56133033422793,193.29238179113372,321.98218132396926,233.31905646304696,high,bearish,False,False,81.27854026547158,0.5630026617562135,4
2015-09-20,195.6146811722552,192.8076543090387,321.01189199219044,234.90469268296073,high,bearish,False,False,85.8299328238856,0.5,5
2015-09-21,191.53844779080316,193.0518711420786,318.30527218408434,229.0103635917493,high,bearish,False,False,85.33062912847694,0.5219597092866253,5
2015-09-22,190.5523993057253,197.45286133645715,314.32301626499947,229.7680273913607,high,bearish,False,False,84.3718891311302,0.518701512488384,5
2015-09-23,185.58840672578907,190.71014296552104,313.2257552413788,229.7339281425919,high,bullish,False,False,79.8648602073702,0.5,4
2015-09-24,192.14811634478647,196.8584086466344,320.4465657520478,232.0811585442671,high,bullish,False,False,85.62347466692626,0.5,5
2015-09-25,186.46054685414762,196.2593730735221,323.0429332183195,232.5924760391274,high,bearish,False,False,84.76306484856559,0.56216241013758,4
2015-09-26,184.73630304156845,194.58778292794116,320.7941513933971,228.73613440980995,high,bearish,False,False,77.99106608420567,0.5,4
2015-09-27,185.2981432235639,190.5782432997516,323.1233603916728,233.561298289319,high,bullish,False,False,83.45508960670477,0.5,3
2015-09-28,191.1050627458595,184.00064297831963,328.7626085040479,232.96900636324222,high,bullish,False,False,77.3660664187512,0.5324853010395283,3
2015-09-29,185.406392882384,187.3381040554096,332.5059219769413,232.90456694644476,high,bullish,False,False,82.72565067647668,0.5,4
2015-09-30,190.106782015833,187.67911004899233,332.79217758145114,229.21922923498116,high,bearish,False,False,73.51552443665494,0.5347051338243571,4
2015-10-01,190.19840590215767,182.56995809227445,330.2551221128751,227.49679187246144,high,bearish,False,False,73.89154178939822,0.5667711707198003,4
2015-10-02,186.32602171628258,177.4432934223367,333.10166578564616,224.01123143467055,high,bearish,False,False,85.2910467942257,0.5314876095149951,4
2015-10-03,188.23104519082662,176.15676420266712,334.73221690482416,223.37605677246782,high,bullish,False,False,84.69114121562171,0.5536039711403534,4
2015-10-04,189.08685221722658,182.89241854793082,338.37255802904116,230.28245893714328,high,bullish,False,False,83.18064468579921,0.6011283251756829,4
2015-10-05,186.74851025123672,181.9165786851217,340.9757707784144,224.8573799080632,high,bearish,False,False,80.46759206358469,0.5486155027136526,4
2015-10-06,187.09319918919297,175.96948747064548,345.2394622376879,218.4686149145524,high,bearish,False,False,68.09244688930202,0.5170168600754994,5
2015-10-07,185.62037733745632,175.05494775001205,343.166953927156,224.42172876023722,high,bullish,False,False,79.70141431492097,0.5824553492357164,5
2015-10-08,186.14582720072332,174.0354339532834,348.5079106719553,223.65581453389174,high,bearish,False,False,82.37958069653652,0.5888254258482024,4
2015-10-09,188.8686734641138,163.3222109468234,349.37263265603116,221.05384714455835,high,bullish,False,False,77.47375564351185,0.5899128079760692,4
2015-10-10,195.2900016426328,163.1822923946897,357.7509370604699,225.29072680808025,high,bullish,False,False,76.6295826352537,0.5,4
2015-10-11,190.41893130627258,162.3387459328022,355.0743774470588,222.94845630808,high,bullish,False,False,87.46464874806759,0.5,5
2015-10-12,199.03417973797812,165.20668632513636,362.10134759280027,230.33561009534824,high,bullish,False,False,79.9974416066119,0.5,4
2015-10-13,191.31185841118173,172.68854057621135,362.9790205979444,233.1333434519989,high,bullish,False,False,82.63503204447898,0.5387926427523295,4
2015-10-14,190.79365364204887,177.28373630541182,360.4622841944961,231.27063343042556,high,bullish,False,False,84.29969461649276,0.5122483203505646,3
2015-10-15,193.23875376036014,176.30001283556547,358.6185721506518,239.9916975758605,high,bullish,False,False,75.49562440072636,0.5,4
2015-10-16,194.45743728980563,171.96862525910416,357.4318989763799,237.66355394235256,high,bullish,False,False,81.54838890394329,0.53384758784397,4
2015-10-17,192.0642282662812,182.35965352786152,359.22615181774546,240.72952448614774,high,bullish,False,False,87.26586226438455,0.5,5
2015-10-18,191.33218869881662,182.69697669788405,361.4179432038521,242.02714424173823,high,bullish,False,False,89.8547644665357,0.514644950434948,4
2015-10-19,189.46348130687468,182.85599021222922,359.2264395347911,247.33740574602683,high,bullish,False,False,81.05503311960722,0.5644763935777314,4
2015-10-20,187.21215123059488,182.86561881528624,359.2351501172442,253.6895794844313,high,bullish,False,False,79.76800118990242,0.5370429714942893,5
2015-10-21,190.71950602884132,183.76690426852,367.91317796185405,253.9265424908567,high,bullish,False,False,82.41084197775994,0.5452477074624091,5
2015-10-22,192.25931586165922,183.30121050978195,374.9350985312145,251.02461889842965,high,bullish,False,False,82.39751254023521,0.5916619125486018,4
2015-10-23,189.6022100394973,181.12109504114167,376.79492576879136,252.9790400290668,high,bearish,False,False,88.23229264362462,0.509677858886005,4
2015-10-24,193.31790913713283,179.05095887208265,377.06423927736677,250.38547814596092,high,bullish,False,False,76.44125294904853,0.5,4
2015-10-25,194.66715540185186,179.03999397243123,377.66441276545237,258.55907531728,high,bullish,False,False,80.15405221658881,0.5750099286074412,5
2015-10-26,198.0413813786678,176.9890723893563,380.2412621578341,259.2279941430711,high,bearish,True,False,76.10337590606652,0.5754468569561869,3
2015-10-27,200.68538349535768,174.26317600764307,376.2755786460359,257.8921946868181,high,bearish,False,False,76.76969149956194,0.5462162430232882,5
2015-10-28,197.49757857377801,174.81707204051924,375.3742476184512,258.7590910323863,high,bearish,False,False,83.85949613857248,0.5117477105996461,4
2015-10-29,195.38769623825678,173.9280049961025,368.83075314820746,253.50142769953416,high,bearish,False,False,86.17770881170522,0.5213531785856002,4
2015-10-30,198.5103567280992,180.0774630197826,370.56113170797795,249.74845761484096,high,bullish,False,False,79.03854316361,0.5,3
2015-10-31,201.08794486171539,169.60969085809285,373.28602253867126,254.68622031850092,high,bullish,False,False,86.30829961107966,0.5801255831723922,4
2015-11-01,217.23448594657765,193.9267210065022,398.7496075194457,268.2071919052978,high,bullish,False,True,88.17323695651027,0.5800360021849613,4
2015-11-02,217.89391860005173,179.90711332539388,400.08785169361215,273.49926915959065,high,bullish,False,True,92.46153606716459,0.5,3
2015-11-03,223.56875969263294,197.0768802373687,411.8848867181346,273.7169837594531,high,bearish,False,True,83.31449602926688,0.573039222045923,4
2015-11-04,221.17122201641422,182.68862273184087,397.6014722491943,278.52243055734357,high,bullish,False,True,79.94973556304726,0.5516906647531298,5
2015-11-05,223.6954261975016,195.52594709901544,411.36369709843166,269.6236345530317,high,bullish,False,True,78.32398157018696,0.5,4
2015-11-06,222.98536019757054,179.85154440563494,395.80442762843006,279.9809871627413,high,bullish,False,True,78.02008931128852,0.5,4
2015-11-07,222.2110156276776,192.75140193723203,408.33542042067216,268.4050102496405,high,bearish,False,True,89.97554689810605,0.5559410973809663,3
2015-11-08,227.12637025224913,181.97159939254473,410.9234651272997,284.20534141972155,high,bullish,False,True,76.35357031454352,0.5194052645978717,4
2015-11-09,230.86337555677633,201.68813788470877,422.2468709280984,272.32932760306255,high,bullish,False,True,90.22494874935231,0.6323595057384466,3
2015-11-10,234.5514788111557,185.8373766712488,425.36655120206774,295.0575377923472,high,bullish,False,True,80.0058548183836,0.5911105193788886,4
2015-11-11,240.36738998178987,209.3629877315544,444.4320285106377,278.9706460234277,high,bullish,False,True,81.13851427976729,0.5693301095272546,5
2015-11-12,240.63683580504008,189.3817862345462,438.9907465209306,302.1702226984662,high,bullish,False,True,84.02782089782188,0.5740099319288375,4
2015-11-13,243.7640130490205,214.29742694892224,447.4655556950107,282.14656348213,high,bearish,False,True,81.49288051512355,0.6166548916479193,3
2015-11-14,242.60719620660723,192.81365885369667,436.2655646363313,307.1824959373047,high,bullish,False,True,89.90104256873511,0.5947373425257391,4
2015-11-15,244.19348878224696,217.11998794833835,447.96136438022097,288.71616807798813,high,bullish,False,True,94.5422214678308,0.5797433390039702,4
2015-11-16,243.81948565793778,190.24108175462328,435.5328480992085,304.44669590260094,high,bullish,True,True,82.42699686685225,0.5081285177313039,4
2015-11-17,244.42900589898258,217.73635162044573,441.47773400176675,287.0654150841666,high,bullish,False,True,83.79585181608292,0.7126677583893714,5
2015-11-18,247.19282591139307,193.79054401573183,441.4027727372872,308.3920953469177,high,bullish,False,True,85.38747587026873,0.5068816612014706,5
2015-11-19,243.85305873709123,218.15665867912264,441.8193609249957,283.35119905495213,high,bullish,False,True,89.1604850536442,0.5489248755068019,4
2015-11-20,253.0892823322085,198.7223002515133,457.6349642320731,316.6893116239701,high,bullish,False,True,85.94290929476362,0.5,4
2015-11-21,248.94252142684383,221.9264773159631,447.59799912495913,290.4719689061977,high,bearish,False,True,93.90567982512694,0.5966338356371026,4
2015-11-22,243.89854302412857,191.46909203795911,445.62197305842625,309.26076735522093,high,bullish,False,True,92.96543039931635,0.5798786300293074,3
2015-11-23,249.10493861108316,218.2760017915323,444.8529202605875,291.3107823179835,high,bullish,False,True,81.57169525981575,0.6132538921961503,4
2015-11-24,252.73027565470608,195.77960726883362,462.4220284219583,322.4555739234936,high,bullish,False,True,90.37424331189203,0.5,4
2015-11-25,255.63378185458572,228.69834591880974,453.6259486620311,294.0523406833831,high,bullish,True,True,95.64511335736842,0.6360794550772555,4
2015-11-26,258.55745364324156,198.4400587680934,465.5293231896287,328.61389691792124,high,bearish,False,True,85.84706527401158,0.5428379299549793,4
2015-11-27,258.7156330201289,226.42295279756215,457.9398695738459,294.7158854224206,high,bearish,False,True,87.13065448877697,0.5785695285092541,3
2015-11-28,255.05240091412725,197.74185643823165,462.2986804107431,327.97448497821114,high,bearish,False,True,86.24617556121424,0.6354421689388434,4
2015-11-29,255.59455928488708,226.17470758060767,454.68930039762046,286.46844112980676,high,bearish,False,True,86.63865288031013,0.6048036437858715,3
2015-11-30,252.88563330286053,198.9435214774265,463.99192396293796,325.65336219925257,high,bearish,False,True,81.12264718423368,0.6112461772712323,3
2015-12-01,238.25578390292225,175.90064455688358,387.34071397597154,281.9839344558825,high,bearish,False,False,83.11732167644544,0.637547905332977,5
2015-12-02,237.87101043050404,174.0132085283978,383.06549045105726,283.41701730070923,high,bearish,False,False,90.44328702474739,0.6219987163075487,3
2015-12-03,234.77394900378494,178.41417279219627,378.09169190862457,286.8848935113174,high,bullish,False,False,97.92387291533684,0.5865034352932936,4
2015-12-04,233.69475992230724,175.8031523151595,382.9413533432729,290.53314174989066,high,bearish,False,False,87.59189743985998,0.5982635586127524,3
2015-12-05,235.55422214480024,170.37704353509577,381.2782849434159,288.40856840100537,high,bearish,False,False,87.75049768859952,0.6202367759660142,5
2015-12-06,233.5083972458123,164.35960015322812,382.8733737825667,287.94915485808775,high,bearish,False,False,99.78014607001182,0.5679476025017648,4
2015-12-07,230.429880273581,166.99400456864512,382.8960560770844,289.28983927007533,high,bearish,True,False,86.04209251900696,0.6656342312503023,4
2015-12-08,231.61623903624272,162.08389707535403,385.0158293026709,288.5066846820352,high,bullish,False,False,83.59049373805277,0.6333997920562229,4
2015-12-09,232.80891418437818,169.31588266699208,385.5359257306126,295.1488758498158,high,bullish,False,False,88.06985998840847,0.6258631850870581,4
2015-12-10,230.99510257916006,161.2021261317236,380.6179179301247,297.32673675263516,high,bullish,False,False,89.21654685776674,0.6849295204689594,5
2015-12-11,229.3260156301139,168.20301787831087,384.8180514813404,300.48131417026156,high,bullish,False,False,84.11344626522745,0.6225014347264591,4
2015-12-12,230.47033944768773,169.26321181526464,383.0591492168384,303.3489633130745,high,bearish,False,False,92.53286118372621,0.6226096472933719,5
2015-12-13,224.89513624909475,169.09349353517936,377.0499557895957,308.2599929104121,high,bearish,False,False,98.2396796893095,0.6107430411998198,5
2015-12-14,219.48337742387017,167.1319134602252,375.55559141801365,309.20217541750856,high,bearish,True,False,87.3939765061008,0.6553908541930459,5
2015-12-15,216.82861063695725,168.9474680157303,381.77764067864774,304.23385772378197,high,bullish,False,False,94.5897715557464,0.6569413100263602,4
2015-12-16,216.19469740453607,169.01680458045715,385.398403021528,306.0524849052188,high,bullish,False,False,96.46141947807466,0.6115032009739125,4
2015-12-17,217.6590195121487,173.65070395374386,384.2244863291171,303.6677491752721,high,bullish,False,False,94.39631330412043,0.6392476479492488,4
2015-12-18,223.78190364882005,174.32907381726514,383.04891478071653,301.7747417171462,high,bullish,False,False,96.0747260570534,0.6184825176575193,4
2015-12-19,227.43471955991893,175.15245828140345,381.9845519941378,304.34237521045736,high,bullish,False,False,96.46736414801568,0.6195638556596216,4
2015-12-20,227.01781152102689,173.9208555135097,390.51439000934283,309.5183535771536,high,bullish,False,False,91.75289010248072,0.5716704072843863,4
2015-12-21,227.16521174843382,173.91653807764314,392.2655968772867,309.82690494311555,high,bullish,False,False,103.64648275527743,0.6499901862681032,4
2015-12-22,223.37912845917583,175.3717793225046,394.2097976353442,311.2862711628046,high,bullish,False,False,102.73053229429551,0.5798068179351437,4
2015-12-23,223.52962915858572,168.75565899525756,398.5554846948511,318.319684184725,high,bullish,False,False,102.7805214869891,0.6451688606908572,5
2015-12-24,222.6000167305792,163.58793943450874,399.73566345863117,319.5077190303533,high,bullish,True,False,102.23949734896047,0.6410764541685311,3
2015-12-25,224.116331655358,166.78643649402605,398.9249355587748,330.13989217050135,high,bullish,False,False,89.63721255603889,0.7277158518953202,5
2015-12-26,221.03321666792812,167.69570703331723,398.3653449492143,332.62773953980695,high,bearish,False,False,102.48414925593258,0.6277916333532454,4
2015-12-27,223.3367290536981,167.1859000167118,398.3050662403633,325.8108148319889,high,bullish,False,False,101.47420705234063,0.6439026799052071,5
2015-12-28,229.69407792124642,167.48602896451135,398.382570509862,329.0505745319451,high,bullish,False,False,90.85647816106014,0.6663147553982118,4
2015-12-29,229.4856466954208,169.10296515395987,401.5196980524116,330.801817439478,high,bullish,False,False,97.80787308614214,0.6598170660437865,4
2015-12-30,231.31926830605005,167.17070115495588,401.9542563178744,336.1876031780425,high,bullish,False,False,100.6100514430959,0.7607235818357885,5
2015-12-31,234.30673350219672,164.28437148264885,405.1117058560389,339.1072178124245,high,bullish,False,False,107.89155803580691,0.6387713567993563,4
