from_venue,to_venue,lag,coefficient,abs_coefficient,adj_r_squared,n_observations
BINANCE,COINBASE,1,0.11669129728605293,0.11669129728605293,0.0,1125
BYBITSPOT,COINBASE,1,0.05376917332800987,0.05376917332800987,0.0,1125
BITGET,COINBASE,1,0.07362857688022853,0.07362857688022853,0.0,1125
BINANCE,COINBASE,2,0.18026321875362483,0.18026321875362483,0.0,1125
BYBITSPOT,COINBASE,2,0.27113126044279506,0.27113126044279506,0.0,1125
BITGET,COINBASE,2,0.001975891165980327,0.001975891165980327,0.0,1125
BINANCE,COINBASE,3,0.3217692373849602,0.3217692373849602,0.0,1125
BYBITSPOT,COINBASE,3,0.25767223806959805,0.25767223806959805,0.0,1125
BITGET,COINBASE,3,0.22611688980503664,0.22611688980503664,0.0,1125
