{
  "updatedAt": "2025-09-09T20:07:22.396100",
  "items": [
    {
      "id": "bloomberg",
      "name": "Bloomberg Terminal",
      "tier": "T1",
      "status": "OK",
      "freshnessSec": 15,
      "quality": 0.98
    },
    {
      "id": "reuters",
      "name": "Reuters Market Data",
      "tier": "T1",
      "status": "OK",
      "freshnessSec": 12,
      "quality": 0.96
    },
    {
      "id": "internal",
      "name": "Internal Trading Feed",
      "tier": "T2",
      "status": "OK",
      "freshnessSec": 8,
      "quality": 0.94
    },
    {
      "id": "alternative",
      "name": "Alternative Data Provider",
      "tier": "T3",
      "status": "DEGRADED",
      "freshnessSec": 45,
      "quality": 0.87
    }
  ]
}