path,size,modified_ts
pnpm-lock.yaml,256172,2025-09-29T09:16:52.834819
.pre-commit-config.yaml,275,2025-09-29T09:16:51.861419
PIPELINE_LOCK.yaml,516,2025-10-11T17:50:17.094437
pnpm-workspace 2.yaml,63,2025-09-16T10:13:27
pnpm-workspace.yaml,63,2025-09-27T13:10:06.919260
ui/cursor-dashboard/pnpm-lock.yaml,92,2025-09-22T21:38:57
ui/cursor-dashboard/node_modules/reusify/.github/dependabot 2.yml,125,2025-09-10T12:41:33
ui/cursor-dashboard/node_modules/reusify/.github/dependabot.yml,125,2025-09-12T20:32:20
ui/cursor-dashboard/node_modules/reusify/.github/workflows/ci.yml,1775,2025-09-12T20:32:20
ui/cursor-dashboard/node_modules/define-data-property/.github/FUNDING.yml,591,2025-09-27T17:01:04.170400
ui/cursor-dashboard/node_modules/is-bigint/.github/FUNDING.yml,580,2025-09-27T17:01:04.119778
ui/cursor-dashboard/node_modules/which-boxed-primitive/.github/FUNDING.yml,592,2025-09-27T17:01:04.152633
ui/cursor-dashboard/node_modules/functions-have-names/.github/FUNDING.yml,591,2025-09-27T17:01:04.110625
ui/cursor-dashboard/node_modules/is-array-buffer/.github/FUNDING.yml,586,2025-09-27T17:01:04.119917
ui/cursor-dashboard/node_modules/has-property-descriptors/.github/FUNDING.yml,595,2025-09-27T17:01:04.099031
ui/cursor-dashboard/node_modules/extend/.travis.yml,6899,2025-09-27T17:01:03.936949
ui/cursor-dashboard/node_modules/is-typed-array/.github/FUNDING.yml,585,2025-09-27T17:01:04.111107
ui/cursor-dashboard/node_modules/function.prototype.name/.github/FUNDING.yml,594,2025-09-27T17:01:04.248457
ui/cursor-dashboard/node_modules/es-errors/.github/FUNDING.yml,555,2025-09-27T17:01:04.248795
ui/cursor-dashboard/node_modules/has-proto/.github/FUNDING.yml,580,2025-09-27T17:01:04.178080
ui/cursor-dashboard/node_modules/possible-typed-array-names/.github/FUNDING.yml,572,2025-09-27T17:01:04.084139
ui/cursor-dashboard/node_modules/call-bind/.github/FUNDING.yml,580,2025-09-27T17:01:04.161248
ui/cursor-dashboard/node_modules/math-intrinsics/.github/FUNDING.yml,561,2025-09-27T17:01:04.333332
ui/cursor-dashboard/node_modules/has-tostringtag/.github/FUNDING.yml,586,2025-09-27T17:01:04.199241
ui/cursor-dashboard/node_modules/array.prototype.flat/.github/FUNDING.yml,591,2025-09-27T17:01:04.194786
ui/cursor-dashboard/node_modules/side-channel-list/.github/FUNDING.yml,588,2025-09-27T17:01:04.117028
ui/cursor-dashboard/node_modules/fast-json-stable-stringify/.eslintrc.yml,562,2025-09-27T17:01:04.185393
ui/cursor-dashboard/node_modules/fast-json-stable-stringify/.travis.yml,111,2025-09-13T03:13:01
ui/cursor-dashboard/node_modules/fast-json-stable-stringify/.github/FUNDING.yml,43,2025-09-27T17:01:04.206626
ui/cursor-dashboard/node_modules/fast-json-stable-stringify/.github/FUNDING 2.yml,43,2025-09-16T22:24:06
ui/cursor-dashboard/node_modules/balanced-match/.github/FUNDING.yml,53,2025-09-27T17:01:03.985276
ui/cursor-dashboard/node_modules/balanced-match/.github/FUNDING 3.yml,53,2025-09-16T22:24:06
ui/cursor-dashboard/node_modules/resolve/.github/FUNDING.yml,578,2025-09-27T17:01:04.892205
ui/cursor-dashboard/node_modules/data-view-byte-offset/.github/FUNDING.yml,567,2025-09-27T17:01:04.121467
ui/cursor-dashboard/node_modules/call-bind-apply-helpers/.github/FUNDING.yml,594,2025-09-27T17:01:04.245093
ui/cursor-dashboard/node_modules/is-number-object/.github/FUNDING.yml,587,2025-09-27T17:01:04.156742
ui/cursor-dashboard/node_modules/own-keys/.github/FUNDING.yml,579,2025-09-27T17:01:04.118068
ui/cursor-dashboard/node_modules/async-function/.github/FUNDING.yml,585,2025-09-27T17:01:04.171320
ui/cursor-dashboard/node_modules/is-negative-zero/.github/FUNDING.yml,585,2025-09-27T17:01:04.109703
ui/cursor-dashboard/node_modules/string_decoder/.travis.yml,899,2025-09-12T20:32:20
ui/cursor-dashboard/node_modules/jsx-ast-utils/.github/FUNDING.yml,146,2025-09-13T03:13:02
ui/cursor-dashboard/node_modules/is-symbol/.github/FUNDING.yml,580,2025-09-27T17:01:04.156705
ui/cursor-dashboard/node_modules/function-bind/.github/FUNDING.yml,584,2025-09-12T20:32:20
ui/cursor-dashboard/node_modules/is-weakref/.github/FUNDING.yml,581,2025-09-27T17:01:04.119037
ui/cursor-dashboard/node_modules/is-date-object/.github/FUNDING.yml,585,2025-09-27T17:01:04.156973
ui/cursor-dashboard/node_modules/array-includes/.github/FUNDING.yml,585,2025-09-27T17:01:04.201289
ui/cursor-dashboard/node_modules/es-define-property/.github/FUNDING.yml,564,2025-09-27T17:01:04.121011
ui/cursor-dashboard/node_modules/get-intrinsic/.github/FUNDING.yml,584,2025-09-27T17:01:04.169836
ui/cursor-dashboard/node_modules/es-to-primitive/.github/FUNDING.yml,586,2025-09-27T17:01:04.280386
ui/cursor-dashboard/node_modules/@ungap/structured-clone/.github/workflows/node.js.yml,872,2025-09-27T17:01:04.203585
ui/cursor-dashboard/node_modules/call-bound/.github/FUNDING.yml,581,2025-09-27T17:01:04.101245
ui/cursor-dashboard/node_modules/typed-array-length/.github/FUNDING.yml,589,2025-09-27T17:01:04.094686
ui/cursor-dashboard/node_modules/set-function-name/.github/FUNDING.yml,563,2025-09-27T17:01:04.083140
ui/cursor-dashboard/node_modules/dunder-proto/.github/FUNDING.yml,583,2025-09-27T17:01:04.170412
ui/cursor-dashboard/node_modules/hasown/.github/FUNDING.yml,552,2025-09-12T20:32:20
ui/cursor-dashboard/node_modules/side-channel-weakmap/.github/FUNDING.yml,591,2025-09-27T17:01:04.107177
ui/cursor-dashboard/node_modules/data-view-buffer/.github/FUNDING.yml,562,2025-09-27T17:01:04.121696
ui/cursor-dashboard/node_modules/typed-array-byte-length/.github/FUNDING.yml,589,2025-09-27T17:01:04.095042
ui/cursor-dashboard/node_modules/json-schema-traverse/.eslintrc.yml,630,2025-09-27T17:01:03.861044
ui/cursor-dashboard/node_modules/json-schema-traverse/.travis.yml,108,2025-09-13T03:13:01
ui/cursor-dashboard/node_modules/json-schema-traverse/spec/.eslintrc.yml,91,2025-09-13T03:13:01
ui/cursor-dashboard/node_modules/minimist/.github/FUNDING.yml,579,2025-09-27T17:01:04.285766
ui/cursor-dashboard/node_modules/string.prototype.includes/.travis.yml,125,2025-09-13T03:13:01
ui/cursor-dashboard/node_modules/string.prototype.includes/.github/workflows/require-allow-edits.yml,195,2025-09-13T03:13:01
ui/cursor-dashboard/node_modules/string.prototype.includes/.github/workflows/rebase.yml,175,2025-09-13T03:13:01
ui/cursor-dashboard/node_modules/string.prototype.includes/.github/workflows/node-pretest.yml,134,2025-09-13T03:13:01
ui/cursor-dashboard/node_modules/string.prototype.includes/.github/workflows/node-tens.yml,212,2025-09-13T03:13:01
ui/cursor-dashboard/node_modules/string.prototype.includes/.github/workflows/node-aught.yml,210,2025-09-13T03:13:01
ui/cursor-dashboard/node_modules/string.prototype.includes/.github/workflows/publish-on-tag.yml,668,2025-09-27T17:01:04.232700
ui/cursor-dashboard/node_modules/iterator.prototype/.github/FUNDING.yml,564,2025-09-27T17:01:04.084702
ui/cursor-dashboard/node_modules/unbox-primitive/.github/FUNDING.yml,586,2025-09-27T17:01:04.153405
ui/cursor-dashboard/node_modules/is-shared-array-buffer/.github/FUNDING.yml,593,2025-09-27T17:01:04.119417
ui/cursor-dashboard/node_modules/supports-preserve-symlinks-flag/.github/FUNDING.yml,601,2025-09-12T20:32:20
ui/cursor-dashboard/node_modules/typed-array-byte-offset/.github/FUNDING.yml,589,2025-09-27T17:01:04.116240
ui/cursor-dashboard/node_modules/array-buffer-byte-length/.github/FUNDING.yml,595,2025-09-27T17:01:04.124119
ui/cursor-dashboard/node_modules/brace-expansion/.github/FUNDING.yml,54,2025-09-27T17:01:03.985697
ui/cursor-dashboard/node_modules/brace-expansion/.github/FUNDING 3.yml,54,2025-09-16T22:24:06
ui/cursor-dashboard/node_modules/json-stable-stringify-without-jsonify/.travis 2.yml,48,2025-09-16T22:24:06
ui/cursor-dashboard/node_modules/json-stable-stringify-without-jsonify/.travis.yml,48,2025-09-27T17:01:04.057482
ui/cursor-dashboard/node_modules/has-symbols/.github/FUNDING.yml,582,2025-09-27T17:01:04.227866
ui/cursor-dashboard/node_modules/string.prototype.repeat/.travis.yml,125,2025-09-13T03:13:01
ui/cursor-dashboard/node_modules/internal-slot/.github/FUNDING.yml,559,2025-09-27T17:01:04.156981
ui/cursor-dashboard/node_modules/set-proto/.github/FUNDING.yml,580,2025-09-27T17:01:04.182922
ui/cursor-dashboard/node_modules/json-buffer/.travis 2.yml,38,2025-09-16T22:24:05
ui/cursor-dashboard/node_modules/json-buffer/.travis.yml,38,2025-09-27T17:01:03.861109
ui/cursor-dashboard/node_modules/safe-array-concat/.github/FUNDING.yml,588,2025-09-27T17:01:04.117061
ui/cursor-dashboard/node_modules/array.prototype.tosorted/.github/FUNDING.yml,595,2025-09-27T17:01:04.194831
ui/cursor-dashboard/node_modules/is-finalizationregistry/.github/FUNDING.yml,594,2025-09-27T17:01:04.119160
ui/cursor-dashboard/node_modules/define-properties/.github/FUNDING.yml,588,2025-09-27T17:01:04.087683
ui/cursor-dashboard/node_modules/is-weakset/.github/FUNDING.yml,581,2025-09-27T17:01:04.168633
ui/cursor-dashboard/node_modules/is-map/.github/FUNDING.yml,577,2025-09-27T17:01:04.168745
ui/cursor-dashboard/node_modules/stop-iteration-iterator/.github/FUNDING.yml,594,2025-09-27T17:01:04.095699
ui/cursor-dashboard/node_modules/has-bigints/.github/FUNDING.yml,582,2025-09-27T17:01:04.119698
ui/cursor-dashboard/node_modules/side-channel/.github/FUNDING.yml,583,2025-09-27T17:01:04.154342
ui/cursor-dashboard/node_modules/concat-map/.travis 2.yml,43,2025-09-16T22:24:05
ui/cursor-dashboard/node_modules/concat-map/.travis.yml,43,2025-09-27T17:01:03.926157
ui/cursor-dashboard/node_modules/set-function-length/.github/FUNDING.yml,563,2025-09-27T17:01:04.116992
ui/cursor-dashboard/node_modules/es-shim-unscopables/.github/FUNDING.yml,590,2025-09-27T17:01:04.158743
ui/cursor-dashboard/node_modules/safe-regex-test/.github/FUNDING.yml,586,2025-09-27T17:01:04.096563
ui/cursor-dashboard/node_modules/get-symbol-description/.github/FUNDING.yml,593,2025-09-27T17:01:04.169077
ui/cursor-dashboard/node_modules/get-proto/.github/FUNDING.yml,580,2025-09-27T17:01:04.185001
ui/cursor-dashboard/node_modules/is-data-view/.github/FUNDING.yml,585,2025-09-27T17:01:04.157953
ui/cursor-dashboard/node_modules/is-boolean-object/.github/FUNDING.yml,588,2025-09-27T17:01:04.178009
ui/cursor-dashboard/node_modules/which-collection/.github/FUNDING.yml,587,2025-09-27T17:01:04.116010
ui/cursor-dashboard/node_modules/streamsearch/.github/workflows/lint.yml,471,2025-09-04T21:07:51
ui/cursor-dashboard/node_modules/streamsearch/.github/workflows/ci.yml,509,2025-09-04T21:07:51
ui/cursor-dashboard/node_modules/object-keys/.travis.yml,8330,2025-09-27T17:01:03.917895
ui/cursor-dashboard/node_modules/gopd/.github/FUNDING.yml,575,2025-09-27T17:01:04.157458
ui/cursor-dashboard/node_modules/busboy/.github/workflows/lint.yml,471,2025-09-04T21:07:51
ui/cursor-dashboard/node_modules/busboy/.github/workflows/ci.yml,518,2025-09-04T21:07:51
ui/cursor-dashboard/node_modules/safe-push-apply/.github/FUNDING.yml,586,2025-09-27T17:01:04.096089
ui/cursor-dashboard/node_modules/for-each/.github/FUNDING.yml,579,2025-09-27T17:01:04.185198
ui/cursor-dashboard/node_modules/which-typed-array/.github/FUNDING.yml,588,2025-09-27T17:01:04.175608
ui/cursor-dashboard/node_modules/array.prototype.findlast/.github/FUNDING.yml,595,2025-09-27T17:01:04.229466
ui/cursor-dashboard/node_modules/is-callable/.github/FUNDING.yml,582,2025-09-27T17:01:04.157017
ui/cursor-dashboard/node_modules/is-weakmap/.github/FUNDING.yml,581,2025-09-27T17:01:04.157166
ui/cursor-dashboard/node_modules/data-view-byte-length/.github/FUNDING.yml,567,2025-09-27T17:01:04.122837
ui/cursor-dashboard/node_modules/isarray/.travis 3.yml,48,2025-09-16T22:24:06
ui/cursor-dashboard/node_modules/isarray/.travis.yml,48,2025-09-27T17:01:03.979979
ui/cursor-dashboard/node_modules/is-set/.github/FUNDING.yml,577,2025-09-27T17:01:04.168635
ui/cursor-dashboard/node_modules/eslint-plugin-react/node_modules/resolve/.github/FUNDING.yml,578,2025-09-27T17:01:04.908287
ui/cursor-dashboard/node_modules/array.prototype.findlastindex/.github/FUNDING.yml,600,2025-09-27T17:01:04.194835
ui/cursor-dashboard/node_modules/fastq/.github/dependabot.yml,192,2025-09-12T20:32:20
ui/cursor-dashboard/node_modules/fastq/.github/workflows/ci.yml,1408,2025-09-12T20:32:20
ui/cursor-dashboard/node_modules/available-typed-arrays/.github/FUNDING.yml,593,2025-09-27T17:01:04.124766
ui/cursor-dashboard/node_modules/es-iterator-helpers/.github/FUNDING.yml,590,2025-09-27T17:01:04.797362
ui/cursor-dashboard/node_modules/string.prototype.matchall/.github/FUNDING.yml,596,2025-09-27T17:01:04.204497
ui/cursor-dashboard/node_modules/deep-is/.travis 2.yml,52,2025-09-16T22:24:06
ui/cursor-dashboard/node_modules/deep-is/.travis.yml,52,2025-09-27T17:01:04.074936
ui/cursor-dashboard/node_modules/is-string/.github/FUNDING.yml,580,2025-09-27T17:01:04.156834
ui/cursor-dashboard/node_modules/array.prototype.flatmap/.github/FUNDING.yml,594,2025-09-27T17:01:04.229647
ui/cursor-dashboard/node_modules/side-channel-map/.github/FUNDING.yml,587,2025-09-27T17:01:04.154807
ui/cursor-dashboard/node_modules/ajv/scripts/.eslintrc.yml,62,2025-09-13T03:13:02
ui/cursor-dashboard/node_modules/object-inspect/.github/FUNDING.yml,585,2025-09-27T17:01:04.353697
ui/cursor-dashboard/node_modules/jszip 5/.travis.yml,668,2025-09-27T17:01:04.673246
ui/cursor-dashboard/node_modules/jszip 5/.codeclimate.yml,208,2025-09-27T17:01:04.670490
ui/cursor-dashboard/node_modules/jszip 5/.github/workflows/pr.yaml,1424,2025-09-27T17:01:04.668401
ui/cursor-dashboard/node_modules/readable-stream/.travis.yml,991,2025-09-12T20:32:20
ui/cursor-dashboard/node_modules/typed-array-buffer/.github/FUNDING.yml,564,2025-09-27T17:01:04.094846
ui/cursor-dashboard/node_modules/object.assign/.github/FUNDING.yml,584,2025-09-27T17:01:04.269797
ui/cursor-dashboard/node_modules/es-object-atoms/.github/FUNDING.yml,555,2025-09-27T17:01:04.178680
ui/cursor-dashboard/node_modules/object.groupby/.github/FUNDING.yml,585,2025-09-27T17:01:04.192487
ui/cursor-dashboard/.github/workflows/ci.yaml,5800,2025-09-29T09:16:52.931017
ui/cursor-dashboard/.github/workflows/baseline_integrity.yml,195,2025-09-29T09:16:52.930757
ui/cursor-dashboard/.github/workflows/court_1s_integrity.yml,195,2025-09-29T09:16:52.931166
data_v7/reports/precheck/precheck_env.yaml,451,2025-10-12T09:55:52.642482
node_modules/.modules.yaml,46927,2025-09-30T10:26:31.229300
node_modules/.pnpm/lock.yaml,256172,2025-09-30T10:26:31.259025
node_modules/.pnpm/safe-array-concat@1.1.3/node_modules/safe-array-concat/.github/FUNDING.yml,588,2025-09-13T22:18:46.874182
node_modules/.pnpm/side-channel-list@1.0.0/node_modules/side-channel-list/.github/FUNDING.yml,588,2025-09-13T22:18:47.870038
node_modules/.pnpm/is-weakref@1.1.1/node_modules/is-weakref/.github/FUNDING.yml,581,2025-09-13T22:18:47.596031
node_modules/.pnpm/array.prototype.findlast@1.2.5/node_modules/array.prototype.findlast/.github/FUNDING.yml,595,2025-09-13T22:18:45.147558
node_modules/.pnpm/es-object-atoms@1.1.1/node_modules/es-object-atoms/.github/FUNDING.yml,555,2025-09-13T22:18:46.665715
node_modules/.pnpm/es-shim-unscopables@1.1.0/node_modules/es-shim-unscopables/.github/FUNDING.yml,590,2025-09-13T22:18:46.794638
node_modules/.pnpm/math-intrinsics@1.1.0/node_modules/math-intrinsics/.github/FUNDING.yml,561,2025-09-13T22:18:46.737999
node_modules/.pnpm/has-bigints@1.1.0/node_modules/has-bigints/.github/FUNDING.yml,582,2025-09-13T22:18:48.208184
node_modules/.pnpm/safe-push-apply@1.0.0/node_modules/safe-push-apply/.github/FUNDING.yml,586,2025-09-13T22:18:47.655455
node_modules/.pnpm/define-data-property@1.1.4/node_modules/define-data-property/.github/FUNDING.yml,591,2025-09-13T22:18:47.774796
node_modules/.pnpm/json-stable-stringify-without-jsonify@1.0.1/node_modules/json-stable-stringify-without-jsonify/.travis.yml,48,2025-09-13T15:37:18.909645
node_modules/.pnpm/fastq@1.19.1/node_modules/fastq/.github/dependabot.yml,192,2025-09-13T22:18:47.274496
node_modules/.pnpm/fastq@1.19.1/node_modules/fastq/.github/workflows/ci.yml,1408,2025-09-13T22:18:47.274344
node_modules/.pnpm/safe-regex-test@1.1.0/node_modules/safe-regex-test/.github/FUNDING.yml,586,2025-09-13T22:18:45.682467
node_modules/.pnpm/array.prototype.tosorted@1.1.4/node_modules/array.prototype.tosorted/.github/FUNDING.yml,595,2025-09-13T22:18:45.173892
node_modules/.pnpm/call-bound@1.0.4/node_modules/call-bound/.github/FUNDING.yml,581,2025-09-13T22:18:46.657296
node_modules/.pnpm/is-array-buffer@3.0.5/node_modules/is-array-buffer/.github/FUNDING.yml,586,2025-09-13T22:18:47.773283
node_modules/.pnpm/typed-array-buffer@1.0.3/node_modules/typed-array-buffer/.github/FUNDING.yml,564,2025-09-13T22:18:47.668977
node_modules/.pnpm/is-boolean-object@1.2.2/node_modules/is-boolean-object/.github/FUNDING.yml,588,2025-09-13T22:18:48.434815
node_modules/.pnpm/array.prototype.flatmap@1.3.3/node_modules/array.prototype.flatmap/.github/FUNDING.yml,594,2025-09-13T22:18:45.152753
node_modules/.pnpm/set-proto@1.0.0/node_modules/set-proto/.github/FUNDING.yml,580,2025-09-13T22:18:48.209798
node_modules/.pnpm/which-typed-array@1.1.19/node_modules/which-typed-array/.github/FUNDING.yml,588,2025-09-13T22:18:47.937817
node_modules/.pnpm/stop-iteration-iterator@1.1.0/node_modules/stop-iteration-iterator/.github/FUNDING.yml,594,2025-09-13T22:18:47.853395
node_modules/.pnpm/isarray@1.0.0/node_modules/isarray/.travis.yml,48,2025-09-13T15:37:18.909645
node_modules/.pnpm/balanced-match@1.0.2/node_modules/balanced-match/.github/FUNDING.yml,53,2025-09-13T22:18:46.627116
node_modules/.pnpm/own-keys@1.0.1/node_modules/own-keys/.github/FUNDING.yml,579,2025-09-13T22:18:47.668845
node_modules/.pnpm/available-typed-arrays@1.0.7/node_modules/available-typed-arrays/.github/FUNDING.yml,593,2025-09-13T22:18:47.673565
node_modules/.pnpm/async-function@1.0.0/node_modules/async-function/.github/FUNDING.yml,585,2025-09-13T22:18:48.495212
node_modules/.pnpm/json-schema-traverse@0.4.1/node_modules/json-schema-traverse/.eslintrc.yml,630,2025-09-13T22:18:44.787927
node_modules/.pnpm/json-schema-traverse@0.4.1/node_modules/json-schema-traverse/.travis.yml,108,2025-09-13T22:18:44.789093
node_modules/.pnpm/json-schema-traverse@0.4.1/node_modules/json-schema-traverse/spec/.eslintrc.yml,91,2025-09-13T22:18:44.795248
node_modules/.pnpm/is-finalizationregistry@1.1.1/node_modules/is-finalizationregistry/.github/FUNDING.yml,594,2025-09-13T22:18:48.231355
node_modules/.pnpm/string.prototype.repeat@1.0.0/node_modules/string.prototype.repeat/.travis.yml,125,2025-09-13T22:18:45.270396
node_modules/.pnpm/array.prototype.findlastindex@1.2.6/node_modules/array.prototype.findlastindex/.github/FUNDING.yml,600,2025-09-13T22:18:45.333358
node_modules/.pnpm/string.prototype.includes@2.0.1/node_modules/string.prototype.includes/.travis.yml,125,2025-09-13T22:18:45.270396
node_modules/.pnpm/string.prototype.includes@2.0.1/node_modules/string.prototype.includes/.github/workflows/require-allow-edits.yml,195,2025-09-13T22:18:45.536768
node_modules/.pnpm/string.prototype.includes@2.0.1/node_modules/string.prototype.includes/.github/workflows/rebase.yml,175,2025-09-13T22:18:45.536591
node_modules/.pnpm/string.prototype.includes@2.0.1/node_modules/string.prototype.includes/.github/workflows/node-pretest.yml,134,2025-09-13T22:18:45.536018
node_modules/.pnpm/string.prototype.includes@2.0.1/node_modules/string.prototype.includes/.github/workflows/node-tens.yml,212,2025-09-13T22:18:45.536215
node_modules/.pnpm/string.prototype.includes@2.0.1/node_modules/string.prototype.includes/.github/workflows/node-aught.yml,210,2025-09-13T22:18:45.535851
node_modules/.pnpm/string.prototype.includes@2.0.1/node_modules/string.prototype.includes/.github/workflows/publish-on-tag.yml,668,2025-09-13T22:18:45.536414
node_modules/.pnpm/reusify@1.1.0/node_modules/reusify/.github/dependabot.yml,125,2025-09-13T22:18:47.888243
node_modules/.pnpm/reusify@1.1.0/node_modules/reusify/.github/workflows/ci.yml,1775,2025-09-13T22:18:47.888065
node_modules/.pnpm/define-properties@1.2.1/node_modules/define-properties/.github/FUNDING.yml,588,2025-09-13T22:18:46.862725
node_modules/.pnpm/concat-map@0.0.1/node_modules/concat-map/.travis.yml,43,2025-09-13T22:18:46.552452
node_modules/.pnpm/minimist@1.2.8/node_modules/minimist/.github/FUNDING.yml,579,2025-09-13T22:18:47.204138
node_modules/.pnpm/jszip@3.10.1/node_modules/jszip/.travis.yml,668,2025-09-13T15:37:17.948545
node_modules/.pnpm/jszip@3.10.1/node_modules/jszip/.codeclimate.yml,208,2025-09-13T15:37:17.948050
node_modules/.pnpm/jszip@3.10.1/node_modules/jszip/.github/workflows/pr.yaml,1424,2025-09-13T15:37:17.947792
node_modules/.pnpm/es-to-primitive@1.3.0/node_modules/es-to-primitive/.github/FUNDING.yml,586,2025-09-13T22:18:47.515477
node_modules/.pnpm/has-symbols@1.1.0/node_modules/has-symbols/.github/FUNDING.yml,582,2025-09-13T22:18:46.875005
node_modules/.pnpm/string_decoder@1.1.1/node_modules/string_decoder/.travis.yml,899,2025-09-13T15:37:18.896378
node_modules/.pnpm/unbox-primitive@1.1.0/node_modules/unbox-primitive/.github/FUNDING.yml,586,2025-09-13T22:18:47.774081
node_modules/.pnpm/is-set@2.0.3/node_modules/is-set/.github/FUNDING.yml,577,2025-09-13T22:18:48.206754
node_modules/.pnpm/array-buffer-byte-length@1.0.2/node_modules/array-buffer-byte-length/.github/FUNDING.yml,595,2025-09-13T22:18:47.655726
node_modules/.pnpm/has-tostringtag@1.0.2/node_modules/has-tostringtag/.github/FUNDING.yml,586,2025-09-13T22:18:47.774832
node_modules/.pnpm/array-includes@3.1.9/node_modules/array-includes/.github/FUNDING.yml,585,2025-09-13T22:18:45.144001
node_modules/.pnpm/object-keys@1.1.1/node_modules/object-keys/.travis.yml,8330,2025-09-13T22:18:47.803405
node_modules/.pnpm/array.prototype.flat@1.3.3/node_modules/array.prototype.flat/.github/FUNDING.yml,591,2025-09-13T22:18:45.330773
node_modules/.pnpm/brace-expansion@2.0.2/node_modules/brace-expansion/.github/FUNDING.yml,54,2025-09-13T22:18:47.814682
node_modules/.pnpm/has-property-descriptors@1.0.2/node_modules/has-property-descriptors/.github/FUNDING.yml,595,2025-09-13T22:18:46.830555
node_modules/.pnpm/resolve@1.22.10/node_modules/resolve/.github/FUNDING.yml,578,2025-09-13T22:18:43.668644
node_modules/.pnpm/get-symbol-description@1.1.0/node_modules/get-symbol-description/.github/FUNDING.yml,593,2025-09-13T22:18:47.538512
node_modules/.pnpm/streamsearch@1.1.0/node_modules/streamsearch/.github/workflows/lint.yml,471,2025-09-13T22:18:44.374009
node_modules/.pnpm/streamsearch@1.1.0/node_modules/streamsearch/.github/workflows/ci.yml,509,2025-09-13T22:18:46.739328
node_modules/.pnpm/dunder-proto@1.0.1/node_modules/dunder-proto/.github/FUNDING.yml,583,2025-09-13T22:18:47.814783
node_modules/.pnpm/es-define-property@1.0.1/node_modules/es-define-property/.github/FUNDING.yml,564,2025-09-13T22:18:48.203557
node_modules/.pnpm/data-view-byte-offset@1.0.1/node_modules/data-view-byte-offset/.github/FUNDING.yml,567,2025-09-13T22:18:47.503003
node_modules/.pnpm/@ungap+structured-clone@1.3.0/node_modules/@ungap/structured-clone/.github/workflows/node.js.yml,872,2025-09-16T22:43:49.261966
node_modules/.pnpm/object-inspect@1.13.4/node_modules/object-inspect/.github/FUNDING.yml,585,2025-09-13T22:18:47.659582
node_modules/.pnpm/which-boxed-primitive@1.1.1/node_modules/which-boxed-primitive/.github/FUNDING.yml,592,2025-09-13T22:18:48.231035
node_modules/.pnpm/side-channel-weakmap@1.0.2/node_modules/side-channel-weakmap/.github/FUNDING.yml,591,2025-09-13T22:18:47.829426
node_modules/.pnpm/is-map@2.0.3/node_modules/is-map/.github/FUNDING.yml,577,2025-09-13T22:18:48.692725
node_modules/.pnpm/is-shared-array-buffer@1.0.4/node_modules/is-shared-array-buffer/.github/FUNDING.yml,593,2025-09-13T22:18:47.787353
node_modules/.pnpm/object.groupby@1.0.3/node_modules/object.groupby/.github/FUNDING.yml,585,2025-09-13T22:18:45.416021
node_modules/.pnpm/hasown@2.0.2/node_modules/hasown/.github/FUNDING.yml,552,2025-09-13T22:18:48.137287
node_modules/.pnpm/is-string@1.1.1/node_modules/is-string/.github/FUNDING.yml,580,2025-09-13T22:18:46.725019
node_modules/.pnpm/typed-array-byte-offset@1.0.4/node_modules/typed-array-byte-offset/.github/FUNDING.yml,589,2025-09-13T22:18:47.764697
node_modules/.pnpm/typed-array-length@1.0.7/node_modules/typed-array-length/.github/FUNDING.yml,589,2025-09-13T22:18:47.764697
node_modules/.pnpm/is-date-object@1.1.0/node_modules/is-date-object/.github/FUNDING.yml,585,2025-09-13T22:18:48.163837
node_modules/.pnpm/possible-typed-array-names@1.1.0/node_modules/possible-typed-array-names/.github/FUNDING.yml,572,2025-09-13T22:18:48.163508
node_modules/.pnpm/busboy@1.6.0/node_modules/busboy/.github/workflows/lint.yml,471,2025-09-13T22:18:44.374009
node_modules/.pnpm/busboy@1.6.0/node_modules/busboy/.github/workflows/ci.yml,518,2025-09-13T22:18:44.373812
node_modules/.pnpm/fast-json-stable-stringify@2.1.0/node_modules/fast-json-stable-stringify/.eslintrc.yml,562,2025-09-13T22:18:44.798838
node_modules/.pnpm/fast-json-stable-stringify@2.1.0/node_modules/fast-json-stable-stringify/.travis.yml,111,2025-09-13T22:18:44.799000
node_modules/.pnpm/fast-json-stable-stringify@2.1.0/node_modules/fast-json-stable-stringify/.github/FUNDING.yml,43,2025-09-13T22:18:44.799244
node_modules/.pnpm/object.assign@4.1.7/node_modules/object.assign/.github/FUNDING.yml,584,2025-09-13T22:18:47.118073
node_modules/.pnpm/ajv@6.12.6/node_modules/ajv/scripts/.eslintrc.yml,62,2025-09-13T22:18:47.916385
node_modules/.pnpm/which-collection@1.0.2/node_modules/which-collection/.github/FUNDING.yml,587,2025-09-13T22:18:48.434550
node_modules/.pnpm/gopd@1.2.0/node_modules/gopd/.github/FUNDING.yml,575,2025-09-13T22:18:46.864159
node_modules/.pnpm/extend@3.0.2/node_modules/extend/.travis.yml,6899,2025-09-16T22:43:48.998472
node_modules/.pnpm/side-channel@1.1.0/node_modules/side-channel/.github/FUNDING.yml,583,2025-09-13T22:18:46.933040
node_modules/.pnpm/string.prototype.matchall@4.0.12/node_modules/string.prototype.matchall/.github/FUNDING.yml,596,2025-09-13T22:18:45.268500
node_modules/.pnpm/internal-slot@1.1.0/node_modules/internal-slot/.github/FUNDING.yml,559,2025-09-13T22:18:46.905815
node_modules/.pnpm/iterator.prototype@1.1.5/node_modules/iterator.prototype/.github/FUNDING.yml,564,2025-09-13T22:18:46.869682
node_modules/.pnpm/functions-have-names@1.2.3/node_modules/functions-have-names/.github/FUNDING.yml,591,2025-09-13T22:18:47.856421
node_modules/.pnpm/typed-array-byte-length@1.0.3/node_modules/typed-array-byte-length/.github/FUNDING.yml,589,2025-09-13T22:18:47.764697
node_modules/.pnpm/resolve@2.0.0-next.5/node_modules/resolve/.github/FUNDING.yml,578,2025-09-13T22:18:43.668644
node_modules/.pnpm/set-function-length@1.2.2/node_modules/set-function-length/.github/FUNDING.yml,563,2025-09-13T22:18:47.775685
node_modules/.pnpm/es-errors@1.3.0/node_modules/es-errors/.github/FUNDING.yml,555,2025-09-13T22:18:46.802381
node_modules/.pnpm/side-channel-map@1.0.1/node_modules/side-channel-map/.github/FUNDING.yml,587,2025-09-13T22:18:47.848585
node_modules/.pnpm/es-iterator-helpers@1.2.1/node_modules/es-iterator-helpers/.github/FUNDING.yml,590,2025-09-13T22:18:45.222995
node_modules/.pnpm/is-symbol@1.1.1/node_modules/is-symbol/.github/FUNDING.yml,580,2025-09-13T22:18:48.202148
node_modules/.pnpm/for-each@0.3.5/node_modules/for-each/.github/FUNDING.yml,579,2025-09-13T22:18:48.162202
node_modules/.pnpm/is-bigint@1.1.0/node_modules/is-bigint/.github/FUNDING.yml,580,2025-09-13T22:18:48.427255
node_modules/.pnpm/get-proto@1.0.1/node_modules/get-proto/.github/FUNDING.yml,580,2025-09-13T22:18:47.555795
node_modules/.pnpm/supports-preserve-symlinks-flag@1.0.0/node_modules/supports-preserve-symlinks-flag/.github/FUNDING.yml,601,2025-09-13T22:18:46.334524
node_modules/.pnpm/is-weakmap@2.0.2/node_modules/is-weakmap/.github/FUNDING.yml,581,2025-09-13T22:18:48.677181
node_modules/.pnpm/is-number-object@1.1.1/node_modules/is-number-object/.github/FUNDING.yml,587,2025-09-13T22:18:48.450676
node_modules/.pnpm/deep-is@0.1.4/node_modules/deep-is/.travis.yml,52,2025-09-13T22:18:45.142790
node_modules/.pnpm/data-view-byte-length@1.0.2/node_modules/data-view-byte-length/.github/FUNDING.yml,567,2025-09-13T22:18:47.497154
node_modules/.pnpm/function-bind@1.1.2/node_modules/function-bind/.github/FUNDING.yml,584,2025-09-13T22:18:46.866962
node_modules/.pnpm/is-typed-array@1.1.15/node_modules/is-typed-array/.github/FUNDING.yml,585,2025-09-13T22:18:47.567875
node_modules/.pnpm/function.prototype.name@1.1.8/node_modules/function.prototype.name/.github/FUNDING.yml,594,2025-09-13T22:18:47.546594
node_modules/.pnpm/is-weakset@2.0.4/node_modules/is-weakset/.github/FUNDING.yml,581,2025-09-13T22:18:48.654043
node_modules/.pnpm/has-proto@1.2.0/node_modules/has-proto/.github/FUNDING.yml,580,2025-09-13T22:18:46.876999
node_modules/.pnpm/json-buffer@3.0.1/node_modules/json-buffer/.travis.yml,38,2025-09-13T22:18:47.406843
node_modules/.pnpm/call-bind@1.0.8/node_modules/call-bind/.github/FUNDING.yml,580,2025-09-13T22:18:46.854002
node_modules/.pnpm/set-function-name@2.0.2/node_modules/set-function-name/.github/FUNDING.yml,563,2025-09-13T22:18:47.775685
node_modules/.pnpm/is-callable@1.2.7/node_modules/is-callable/.github/FUNDING.yml,582,2025-09-13T22:18:47.781881
node_modules/.pnpm/call-bind-apply-helpers@1.0.2/node_modules/call-bind-apply-helpers/.github/FUNDING.yml,594,2025-09-13T22:18:47.468450
node_modules/.pnpm/is-data-view@1.0.2/node_modules/is-data-view/.github/FUNDING.yml,585,2025-09-13T22:18:47.567875
node_modules/.pnpm/is-negative-zero@2.0.3/node_modules/is-negative-zero/.github/FUNDING.yml,585,2025-09-13T22:18:47.564245
node_modules/.pnpm/jsx-ast-utils@3.3.5/node_modules/jsx-ast-utils/.github/FUNDING.yml,146,2025-09-13T22:18:45.274501
node_modules/.pnpm/readable-stream@2.3.8/node_modules/readable-stream/.travis.yml,991,2025-09-13T15:37:19.083093
node_modules/.pnpm/data-view-buffer@1.0.2/node_modules/data-view-buffer/.github/FUNDING.yml,562,2025-09-13T22:18:47.487096
node_modules/.pnpm/get-intrinsic@1.3.0/node_modules/get-intrinsic/.github/FUNDING.yml,584,2025-09-13T22:18:46.732779
backend/venv/lib/python3.10/site-packages/multipart/tests/test_data/http/single_field_blocks.yaml,147,2025-09-09T20:50:38
backend/venv/lib/python3.10/site-packages/multipart/tests/test_data/http/utf8_filename.yaml,177,2025-09-09T20:50:38
backend/venv/lib/python3.10/site-packages/multipart/tests/test_data/http/almost_match_boundary_without_final_hyphen.yaml,171,2025-09-09T20:50:38
backend/venv/lib/python3.10/site-packages/multipart/tests/test_data/http/bad_initial_boundary.yaml,72,2025-09-09T20:50:38
backend/venv/lib/python3.10/site-packages/multipart/tests/test_data/http/CR_in_header.yaml,73,2025-09-09T20:50:38
backend/venv/lib/python3.10/site-packages/multipart/tests/test_data/http/almost_match_boundary_without_LF.yaml,171,2025-09-09T20:50:38
backend/venv/lib/python3.10/site-packages/multipart/tests/test_data/http/single_field.yaml,139,2025-09-09T20:50:38
backend/venv/lib/python3.10/site-packages/multipart/tests/test_data/http/almost_match_boundary.yaml,300,2025-09-09T20:50:38
backend/venv/lib/python3.10/site-packages/multipart/tests/test_data/http/quoted_printable_encoding.yaml,127,2025-09-09T20:50:38
backend/venv/lib/python3.10/site-packages/multipart/tests/test_data/http/base64_encoding.yaml,125,2025-09-09T20:50:38
backend/venv/lib/python3.10/site-packages/multipart/tests/test_data/http/single_field_single_file.yaml,189,2025-09-09T20:50:38
backend/venv/lib/python3.10/site-packages/multipart/tests/test_data/http/CR_in_header_value.yaml,73,2025-09-09T20:50:38
backend/venv/lib/python3.10/site-packages/multipart/tests/test_data/http/bad_header_char.yaml,73,2025-09-09T20:50:38
backend/venv/lib/python3.10/site-packages/multipart/tests/test_data/http/single_file.yaml,170,2025-09-09T20:50:38
backend/venv/lib/python3.10/site-packages/multipart/tests/test_data/http/multiple_files.yaml,260,2025-09-09T20:50:38
backend/venv/lib/python3.10/site-packages/multipart/tests/test_data/http/bad_end_of_headers.yaml,73,2025-09-09T20:50:38
backend/venv/lib/python3.10/site-packages/multipart/tests/test_data/http/multiple_fields.yaml,197,2025-09-09T20:50:38
backend/venv/lib/python3.10/site-packages/multipart/tests/test_data/http/almost_match_boundary_without_CR.yaml,167,2025-09-09T20:50:38
backend/venv/lib/python3.10/site-packages/multipart/tests/test_data/http/single_field_longer.yaml,293,2025-09-09T20:50:38
backend/venv/lib/python3.10/site-packages/multipart/tests/test_data/http/single_field_with_leading_newlines.yaml,139,2025-09-09T20:50:38
backend/venv/lib/python3.10/site-packages/multipart/tests/test_data/http/empty_header.yaml,73,2025-09-09T20:50:38
openapi/acd.yml,8680,2025-09-22T21:38:57
acceptance/criteria.yaml,2163,2025-09-22T21:38:57
.github/workflows/ci_oidc_probe 2.yml,2201,2025-09-30T23:04:00
.github/workflows/test_oidc 2.yml,1552,2025-09-30T22:47:17
.github/workflows/test_spread_v2_guardrails.yml,4065,2025-10-03T20:50:09.305335
.github/workflows/ci_health.yml,2870,2025-09-29T09:16:51.858370
.github/workflows/ci_aws_audit_simple.yml,3008,2025-10-03T20:50:09.302624
.github/workflows/daily_health_report.yml,4980,2025-09-30T22:38:21.141165
.github/workflows/wave1-variables.yml,13537,2025-10-02T16:46:13.284224
.github/workflows/oidc_test 2.yml,1557,2025-09-30T23:04:00
.github/workflows/snapshot_verify.yml,1853,2025-10-03T20:50:09.304744
.github/workflows/test_oidc.yml,1552,2025-10-03T20:50:09.304990
.github/workflows/e2e_verify.yml,4148,2025-10-03T20:50:09.303508
.github/workflows/icp_vmm_analysis.yml,5520,2025-09-30T22:38:21.124339
.github/workflows/continuous_capture_diag_5m.yml,5284,2025-10-02T16:46:13.031881
.github/workflows/capture_continuous.yml,9717,2025-10-02T16:46:13.075351
.github/workflows/reader-sanity.yml,6847,2025-10-03T20:50:09.304389
.github/workflows/ci_oidc_probe.yml,2201,2025-10-03T20:50:09.302932
.github/workflows/wave2-events 2.yml,7175,2025-10-03T20:50:09.305772
.github/workflows/snapshot_verify 2.yml,1853,2025-09-30T22:38:21
.github/workflows/wave2-events 5.yml,7175,2025-10-02T17:39:10
.github/workflows/e2e_verify 2.yml,4148,2025-09-29T09:16:51
.github/workflows/reader-sanity 2.yml,6847,2025-10-02T17:20:16
.github/workflows/baseline_integrity.yml,4335,2025-09-29T09:16:51.857121
.github/workflows/test_spread_v2_guardrails 2.yml,4065,2025-09-29T09:16:51
.github/workflows/ci.yml,1038,2025-10-03T22:29:54.423368
.github/workflows/nightly_detector_sweep.yml,2686,2025-09-30T22:38:21.124386
.github/workflows/oidc_test.yml,1557,2025-10-03T20:50:09.303919
.github/workflows/ci_aws_audit_simple 2.yml,3008,2025-09-30T23:13:35
.github/workflows/court_1s_integrity.yml,6288,2025-09-29T09:16:51.858708
.github/workflows/wave2-events.yml,14541,2025-10-03T20:50:09.306339
