day,frequency,edge,delta_vol,delta_wash,delta_vol_p,delta_wash_p,vol_high_tsi,vol_low_tsi,wash_high_tsi,wash_low_tsi
2025-09-01,1S,BINANCE->COINBASE,-0.015643224699828484,0.0805351537688318,0.8756923206228087,0.4206168491029201,0.569811320754717,0.5854545454545454,0.8780918727915195,0.7975567190226877
2025-09-01,1S,BINANCE->BYBITSPOT,0.08366835438779457,0.48329768134764506,0.40277047152074896,1.3450645828250174e-06,0.3438914027149321,0.26022304832713755,0.7971274685816876,0.31382978723404253
2025-09-01,1S,BINANCE->BITGET,0.015252427678072111,0.5111341241448566,0.8787734443371384,3.198795777148433e-07,0.26244343891402716,0.24719101123595505,0.7907801418439716,0.27964601769911507
2025-09-01,1S,COINBASE->BINANCE,0.03892649903288198,0.43818557233191374,0.6970801316327251,1.1767272562357434e-05,0.2765151515151515,0.2375886524822695,0.9312169312169312,0.4930313588850174
2025-09-01,1S,COINBASE->BYBITSPOT,-0.046001631986944125,0.6196133128126202,0.6455045064592786,5.786717771627536e-10,0.28294573643410853,0.32894736842105265,0.9293478260869565,0.30973451327433627
2025-09-01,1S,COINBASE->BITGET,-0.03762873914724596,0.6145898110499881,0.7067032518420695,7.951230784897234e-10,0.26053639846743293,0.2981651376146789,0.9243243243243243,0.30973451327433627
2025-09-01,1S,BYBITSPOT->BINANCE,-0.06745003996802557,0.5810289865816591,0.49999323171114507,6.236476668419755e-09,0.2311111111111111,0.29856115107913667,0.851063829787234,0.2700348432055749
2025-09-01,1S,BYBITSPOT->COINBASE,0.009370015948963334,0.6071613907628438,0.925347343581771,1.2663108339694418e-09,0.24621212121212122,0.23684210526315788,0.851063829787234,0.24390243902439024
2025-09-01,1S,BYBITSPOT->BITGET,0.08086339690317207,0.5688416336079118,0.4187257196403462,1.2822290562652938e-08,0.34156378600823045,0.2607003891050584,0.8650088809946714,0.2961672473867596
2025-09-01,1S,BITGET->BINANCE,0.03909090909090909,0.5303794919360252,0.6958644340220195,1.1341972827594304e-07,0.2863636363636364,0.24727272727272728,0.8126094570928196,0.28222996515679444
2025-09-01,1S,BITGET->COINBASE,0.06551606288448394,0.575493612078978,0.5123643401026325,8.66745630823118e-09,0.2518796992481203,0.18636363636363637,0.8333333333333334,0.2578397212543554
2025-09-01,1S,BITGET->BYBITSPOT,0.06565295454184344,0.5177862409853334,0.5114834638995156,2.2444265557197696e-07,0.31275720164609055,0.2471042471042471,0.813953488372093,0.2961672473867596
2025-09-01,2S,BINANCE->COINBASE,-0.015643224699828484,0.0805351537688318,0.8756923206228087,0.4206168491029201,0.569811320754717,0.5854545454545454,0.8780918727915195,0.7975567190226877
2025-09-01,2S,BINANCE->BYBITSPOT,0.08366835438779457,0.48329768134764506,0.40277047152074896,1.3450645828250174e-06,0.3438914027149321,0.26022304832713755,0.7971274685816876,0.31382978723404253
2025-09-01,2S,BINANCE->BITGET,0.015252427678072111,0.5111341241448566,0.8787734443371384,3.198795777148433e-07,0.26244343891402716,0.24719101123595505,0.7907801418439716,0.27964601769911507
2025-09-01,2S,COINBASE->BINANCE,0.03892649903288198,0.43818557233191374,0.6970801316327251,1.1767272562357434e-05,0.2765151515151515,0.2375886524822695,0.9312169312169312,0.4930313588850174
2025-09-01,2S,COINBASE->BYBITSPOT,-0.046001631986944125,0.6196133128126202,0.6455045064592786,5.786717771627536e-10,0.28294573643410853,0.32894736842105265,0.9293478260869565,0.30973451327433627
2025-09-01,2S,COINBASE->BITGET,-0.03762873914724596,0.6145898110499881,0.7067032518420695,7.951230784897234e-10,0.26053639846743293,0.2981651376146789,0.9243243243243243,0.30973451327433627
2025-09-01,2S,BYBITSPOT->BINANCE,-0.06745003996802557,0.5810289865816591,0.49999323171114507,6.236476668419755e-09,0.2311111111111111,0.29856115107913667,0.851063829787234,0.2700348432055749
2025-09-01,2S,BYBITSPOT->COINBASE,0.009370015948963334,0.6071613907628438,0.925347343581771,1.2663108339694418e-09,0.24621212121212122,0.23684210526315788,0.851063829787234,0.24390243902439024
2025-09-01,2S,BYBITSPOT->BITGET,0.08086339690317207,0.5688416336079118,0.4187257196403462,1.2822290562652938e-08,0.34156378600823045,0.2607003891050584,0.8650088809946714,0.2961672473867596
2025-09-01,2S,BITGET->BINANCE,0.03909090909090909,0.5303794919360252,0.6958644340220195,1.1341972827594304e-07,0.2863636363636364,0.24727272727272728,0.8126094570928196,0.28222996515679444
2025-09-01,2S,BITGET->COINBASE,0.06551606288448394,0.575493612078978,0.5123643401026325,8.66745630823118e-09,0.2518796992481203,0.18636363636363637,0.8333333333333334,0.2578397212543554
2025-09-01,2S,BITGET->BYBITSPOT,0.06565295454184344,0.5177862409853334,0.5114834638995156,2.2444265557197696e-07,0.31275720164609055,0.2471042471042471,0.813953488372093,0.2961672473867596
2025-09-01,5S,BINANCE->COINBASE,-0.015643224699828484,0.0805351537688318,0.8756923206228087,0.4206168491029201,0.569811320754717,0.5854545454545454,0.8780918727915195,0.7975567190226877
2025-09-01,5S,BINANCE->BYBITSPOT,0.08366835438779457,0.48329768134764506,0.40277047152074896,1.3450645828250174e-06,0.3438914027149321,0.26022304832713755,0.7971274685816876,0.31382978723404253
2025-09-01,5S,BINANCE->BITGET,0.015252427678072111,0.5111341241448566,0.8787734443371384,3.198795777148433e-07,0.26244343891402716,0.24719101123595505,0.7907801418439716,0.27964601769911507
2025-09-01,5S,COINBASE->BINANCE,0.03892649903288198,0.43818557233191374,0.6970801316327251,1.1767272562357434e-05,0.2765151515151515,0.2375886524822695,0.9312169312169312,0.4930313588850174
2025-09-01,5S,COINBASE->BYBITSPOT,-0.046001631986944125,0.6196133128126202,0.6455045064592786,5.786717771627536e-10,0.28294573643410853,0.32894736842105265,0.9293478260869565,0.30973451327433627
2025-09-01,5S,COINBASE->BITGET,-0.03762873914724596,0.6145898110499881,0.7067032518420695,7.951230784897234e-10,0.26053639846743293,0.2981651376146789,0.9243243243243243,0.30973451327433627
2025-09-01,5S,BYBITSPOT->BINANCE,-0.06745003996802557,0.5810289865816591,0.49999323171114507,6.236476668419755e-09,0.2311111111111111,0.29856115107913667,0.851063829787234,0.2700348432055749
2025-09-01,5S,BYBITSPOT->COINBASE,0.009370015948963334,0.6071613907628438,0.925347343581771,1.2663108339694418e-09,0.24621212121212122,0.23684210526315788,0.851063829787234,0.24390243902439024
2025-09-01,5S,BYBITSPOT->BITGET,0.08086339690317207,0.5688416336079118,0.4187257196403462,1.2822290562652938e-08,0.34156378600823045,0.2607003891050584,0.8650088809946714,0.2961672473867596
2025-09-01,5S,BITGET->BINANCE,0.03909090909090909,0.5303794919360252,0.6958644340220195,1.1341972827594304e-07,0.2863636363636364,0.24727272727272728,0.8126094570928196,0.28222996515679444
2025-09-01,5S,BITGET->COINBASE,0.06551606288448394,0.575493612078978,0.5123643401026325,8.66745630823118e-09,0.2518796992481203,0.18636363636363637,0.8333333333333334,0.2578397212543554
2025-09-01,5S,BITGET->BYBITSPOT,0.06565295454184344,0.5177862409853334,0.5114834638995156,2.2444265557197696e-07,0.31275720164609055,0.2471042471042471,0.813953488372093,0.2961672473867596
2025-09-01,10S,BINANCE->COINBASE,0.027231121281464543,0.06322687421721235,0.7853827353102407,0.5272112850404826,0.39565217391304347,0.3684210526315789,0.5288065843621399,0.46557971014492755
2025-09-01,10S,BINANCE->BYBITSPOT,0.0551716873815041,0.07112396871316834,0.5811423473146409,0.4769357191079857,0.30198019801980197,0.24680851063829787,0.4627450980392157,0.39162112932604737
2025-09-01,10S,BINANCE->BITGET,0.10279519331243472,0.02952783675949805,0.3039724386480551,0.7677812403439501,0.3484848484848485,0.24568965517241378,0.4324853228962818,0.4029574861367837
2025-09-01,10S,COINBASE->BINANCE,-0.000770780415170369,0.12733437890273308,0.9938501229640071,0.20289607449477787,0.31759656652360513,0.3183673469387755,0.6092184368737475,0.48188405797101447
2025-09-01,10S,COINBASE->BYBITSPOT,-0.05582871446450921,0.14569711174665018,0.5766483218439107,0.14512435307075644,0.28991596638655465,0.34574468085106386,0.5249457700650759,0.37924865831842575
2025-09-01,10S,COINBASE->BITGET,-0.04188034188034184,0.14321043249835824,0.6753598060702752,0.15211396689972356,0.3247863247863248,0.36666666666666664,0.5621052631578948,0.41889483065953653
2025-09-01,10S,BYBITSPOT->BINANCE,0.03510638297872337,0.11476731910769605,0.725540462699289,0.25110350243670343,0.35,0.3148936170212766,0.5300970873786408,0.41532976827094475
2025-09-01,10S,BYBITSPOT->COINBASE,0.011172205305702176,0.07624742748417657,0.9110437929875663,0.4457769911396865,0.3305439330543933,0.3193717277486911,0.3978021978021978,0.3215547703180212
2025-09-01,10S,BYBITSPOT->BITGET,0.0638213003589948,0.10256439680827462,0.5233350335634652,0.3050594345582256,0.38990825688073394,0.32608695652173914,0.5214592274678111,0.41889483065953653
2025-09-01,10S,BITGET->BINANCE,-0.00894708128750682,0.05489228007181324,0.9287077484867392,0.5830584300914285,0.29743589743589743,0.30638297872340425,0.475,0.42010771992818674
2025-09-01,10S,BITGET->COINBASE,0.044789049640474754,0.017224991393117506,0.6542322274785297,0.8632410586093715,0.3025210084033613,0.25773195876288657,0.38675213675213677,0.36952714535901926
2025-09-01,10S,BITGET->BYBITSPOT,0.07220123284947305,0.08071221010938567,0.4702868978092123,0.4195961400851056,0.3317757009345794,0.25957446808510637,0.4577319587628866,0.3770197486535009
2025-09-01,15S,BINANCE->COINBASE,0.029556650246305438,0.15949820788530467,0.7675611583670798,0.11071624338220842,0.32019704433497537,0.29064039408866993,0.5161290322580645,0.35663082437275984
2025-09-01,15S,BINANCE->BYBITSPOT,0.08499115826702036,0.18295081967213123,0.3953742454552822,0.06732351252544944,0.40229885057471265,0.3173076923076923,0.56,0.3770491803278688
2025-09-01,15S,BINANCE->BITGET,0.038233532934131786,0.11050724637681159,0.7022126526000618,0.269128191172727,0.38323353293413176,0.345,0.4782608695652174,0.3677536231884058
2025-09-01,15S,COINBASE->BINANCE,0.013929334109881564,0.03306595879739166,0.8892183516194054,0.7409016308256406,0.4207920792079208,0.4068627450980392,0.4838709677419355,0.45080500894454384
2025-09-01,15S,COINBASE->BYBITSPOT,-0.017786323759163558,0.08366345972458022,0.8588303825935182,0.40279799226376367,0.39622641509433965,0.4140127388535032,0.5263157894736842,0.44265232974910396
2025-09-01,15S,COINBASE->BITGET,-0.0264408537112244,0.42619047619047623,0.7914651338811063,2.0269182799736996e-05,0.36619718309859156,0.39263803680981596,0.8333333333333334,0.40714285714285714
2025-09-01,15S,BYBITSPOT->BINANCE,0.017322324753116403,0.036414565826330514,0.8624759509719404,0.7157492435369859,0.40229885057471265,0.38497652582159625,0.42857142857142855,0.39215686274509803
2025-09-01,15S,BYBITSPOT->COINBASE,-0.050523115443083244,0.09642222786094895,0.613396490962941,0.33493449715309587,0.2890995260663507,0.33962264150943394,0.42857142857142855,0.3321492007104796
2025-09-01,15S,BYBITSPOT->BITGET,0.12144965896365673,0.23045454545454547,0.22455815134127666,0.02119204383904738,0.44680851063829785,0.3253588516746411,0.625,0.39454545454545453
2025-09-01,15S,BITGET->BINANCE,-0.10974536655117417,-0.08535262206148281,0.2724431249320445,0.39336755334295637,0.3160919540229885,0.4258373205741627,0.3142857142857143,0.3996383363471971
2025-09-01,15S,BITGET->COINBASE,0.028863432165318947,-0.18754707506904345,0.7728612279292708,0.06072798973232896,0.3443396226415094,0.31547619047619047,0.14285714285714285,0.3304042179261863
2025-09-01,15S,BITGET->BYBITSPOT,0.07188100306318468,0.049393939393939434,0.4722579764814716,0.6213489821566047,0.3582887700534759,0.28640776699029125,0.4166666666666667,0.36727272727272725
2025-09-01,30S,BINANCE->COINBASE,0.176836611802489,-0.5714285714285714,0.0769997170266632,1.101657720603555e-08,0.4787234042553192,0.3018867924528302,0.0,0.5714285714285714
2025-09-01,30S,BINANCE->BYBITSPOT,-0.08990840430660452,-0.2222222222222222,0.3686078968553632,0.02626829138204223,0.29591836734693877,0.3858267716535433,0.0,0.2222222222222222
2025-09-01,30S,BINANCE->BITGET,0.03125,0.0,0.7546605630596859,1.0,0.3645833333333333,0.3333333333333333,0.0,0.0
2025-09-01,30S,COINBASE->BINANCE,-0.09430756159728121,-0.38461538461538464,0.34564222704752234,0.00011998644089783461,0.36363636363636365,0.45794392523364486,0.0,0.38461538461538464
2025-09-01,30S,COINBASE->BYBITSPOT,-0.02798663324979117,0.7142857142857143,0.7795800581969294,9.141576384763539e-13,0.3609022556390977,0.3888888888888889,1.0,0.2857142857142857
2025-09-01,30S,COINBASE->BITGET,-0.09911978568694985,-0.5,0.32158897686255905,5.733031438470704e-07,0.3880597014925373,0.48717948717948717,0.0,0.5
2025-09-01,30S,BYBITSPOT->BINANCE,-0.09246794871794872,0.0,0.3551326526046883,1.0,0.3229166666666667,0.4153846153846154,0.0,0.0
2025-09-01,30S,BYBITSPOT->COINBASE,0.030653556969346407,-0.1875,0.7591969017122027,0.060792723530522785,0.3383458646616541,0.3076923076923077,0.0,0.1875
2025-09-01,30S,BYBITSPOT->BITGET,0.0901960784313725,-0.7142857142857143,0.36707769996189077,9.141576384763539e-13,0.49019607843137253,0.4,0.0,0.7142857142857143
2025-09-01,30S,BITGET->BINANCE,-0.1519607843137255,0.75,0.12860956551551816,6.372680161348399e-14,0.2647058823529412,0.4166666666666667,1.0,0.25
2025-09-01,30S,BITGET->COINBASE,-0.04576719576719579,-0.5555555555555556,0.6471881376359656,2.7673017877205552e-08,0.2518518518518518,0.2976190476190476,0.0,0.5555555555555556
2025-09-01,30S,BITGET->BYBITSPOT,0.041283764967975534,0.6,0.6797255650345095,1.973175400848959e-09,0.37962962962962965,0.3383458646616541,1.0,0.4
2025-09-02,1S,BINANCE->COINBASE,0.009419581786202863,0.32376075252181447,0.9249536068671182,0.0012053650714778374,0.22790697674418606,0.2184873949579832,0.7415929203539823,0.4178321678321678
2025-09-02,1S,BINANCE->BYBITSPOT,0.08296925566343041,0.4689923228891163,0.4067126309195057,2.7330757246257775e-06,0.2621359223300971,0.17916666666666667,0.7292418772563177,0.26024955436720143
2025-09-02,1S,BINANCE->BITGET,-0.05827576865772721,0.16263736263736261,0.5600564333831666,0.10387019778981532,0.40186915887850466,0.4601449275362319,0.8357142857142857,0.6730769230769231
2025-09-02,1S,COINBASE->BINANCE,-0.06004168499149093,0.44695274772296595,0.548228460952007,7.839258848729713e-06,0.2304147465437788,0.29045643153526973,0.887719298245614,0.44076655052264807
2025-09-02,1S,COINBASE->BYBITSPOT,-0.033939443804508806,0.5710431219839271,0.7343126080094999,1.1269027266891385e-08,0.2330508474576271,0.2669902912621359,0.8747731397459165,0.3037300177619893
2025-09-02,1S,COINBASE->BITGET,-0.03990029756154112,0.5129881263663252,0.6898910117298123,2.899249944565696e-07,0.28761061946902655,0.32751091703056767,0.8910369068541301,0.3780487804878049
2025-09-02,1S,BYBITSPOT->BINANCE,-0.027977236269192574,0.5148360645645831,0.7796521566602668,2.627728978854549e-07,0.23113207547169812,0.2591093117408907,0.8144876325088339,0.29965156794425085
2025-09-02,1S,BYBITSPOT->COINBASE,0.10465302206587787,0.5199886728801664,0.29531629969732043,1.994100122804099e-07,0.2838983050847458,0.1792452830188679,0.8091872791519434,0.289198606271777
2025-09-02,1S,BYBITSPOT->BITGET,0.008665966386554619,0.543634461972633,0.9309420393207262,5.43847216150084e-08,0.21875,0.21008403361344538,0.822380106571936,0.2787456445993031
2025-09-02,1S,BITGET->BINANCE,-0.07909003226128317,0.38598907049715003,0.42900216012966164,0.00011343775041816606,0.205607476635514,0.2846975088967972,0.7779751332149201,0.39198606271777003
2025-09-02,1S,BITGET->COINBASE,0.05180275920701782,0.4252154777186869,0.6044390182361377,2.1172344414344124e-05,0.28761061946902655,0.23580786026200873,0.7684210526315789,0.343205574912892
2025-09-02,1S,BITGET->BYBITSPOT,-0.07574621268936554,0.47200099314349014,0.44877304764992965,2.358331287144466e-06,0.21238938053097345,0.288135593220339,0.7473118279569892,0.2753108348134991
2025-09-02,2S,BINANCE->COINBASE,0.009419581786202863,0.32376075252181447,0.9249536068671182,0.0012053650714778374,0.22790697674418606,0.2184873949579832,0.7415929203539823,0.4178321678321678
2025-09-02,2S,BINANCE->BYBITSPOT,0.08296925566343041,0.4689923228891163,0.4067126309195057,2.7330757246257775e-06,0.2621359223300971,0.17916666666666667,0.7292418772563177,0.26024955436720143
2025-09-02,2S,BINANCE->BITGET,-0.05827576865772721,0.16263736263736261,0.5600564333831666,0.10387019778981532,0.40186915887850466,0.4601449275362319,0.8357142857142857,0.6730769230769231
2025-09-02,2S,COINBASE->BINANCE,-0.06004168499149093,0.44695274772296595,0.548228460952007,7.839258848729713e-06,0.2304147465437788,0.29045643153526973,0.887719298245614,0.44076655052264807
2025-09-02,2S,COINBASE->BYBITSPOT,-0.033939443804508806,0.5710431219839271,0.7343126080094999,1.1269027266891385e-08,0.2330508474576271,0.2669902912621359,0.8747731397459165,0.3037300177619893
2025-09-02,2S,COINBASE->BITGET,-0.03990029756154112,0.5129881263663252,0.6898910117298123,2.899249944565696e-07,0.28761061946902655,0.32751091703056767,0.8910369068541301,0.3780487804878049
2025-09-02,2S,BYBITSPOT->BINANCE,-0.027977236269192574,0.5148360645645831,0.7796521566602668,2.627728978854549e-07,0.23113207547169812,0.2591093117408907,0.8144876325088339,0.29965156794425085
2025-09-02,2S,BYBITSPOT->COINBASE,0.10465302206587787,0.5199886728801664,0.29531629969732043,1.994100122804099e-07,0.2838983050847458,0.1792452830188679,0.8091872791519434,0.289198606271777
2025-09-02,2S,BYBITSPOT->BITGET,0.008665966386554619,0.543634461972633,0.9309420393207262,5.43847216150084e-08,0.21875,0.21008403361344538,0.822380106571936,0.2787456445993031
2025-09-02,2S,BITGET->BINANCE,-0.07909003226128317,0.38598907049715003,0.42900216012966164,0.00011343775041816606,0.205607476635514,0.2846975088967972,0.7779751332149201,0.39198606271777003
2025-09-02,2S,BITGET->COINBASE,0.05180275920701782,0.4252154777186869,0.6044390182361377,2.1172344414344124e-05,0.28761061946902655,0.23580786026200873,0.7684210526315789,0.343205574912892
2025-09-02,2S,BITGET->BYBITSPOT,-0.07574621268936554,0.47200099314349014,0.44877304764992965,2.358331287144466e-06,0.21238938053097345,0.288135593220339,0.7473118279569892,0.2753108348134991
2025-09-02,5S,BINANCE->COINBASE,0.009419581786202863,0.32376075252181447,0.9249536068671182,0.0012053650714778374,0.22790697674418606,0.2184873949579832,0.7415929203539823,0.4178321678321678
2025-09-02,5S,BINANCE->BYBITSPOT,0.08296925566343041,0.4689923228891163,0.4067126309195057,2.7330757246257775e-06,0.2621359223300971,0.17916666666666667,0.7292418772563177,0.26024955436720143
2025-09-02,5S,BINANCE->BITGET,-0.05827576865772721,0.16263736263736261,0.5600564333831666,0.10387019778981532,0.40186915887850466,0.4601449275362319,0.8357142857142857,0.6730769230769231
2025-09-02,5S,COINBASE->BINANCE,-0.06004168499149093,0.44695274772296595,0.548228460952007,7.839258848729713e-06,0.2304147465437788,0.29045643153526973,0.887719298245614,0.44076655052264807
2025-09-02,5S,COINBASE->BYBITSPOT,-0.033939443804508806,0.5710431219839271,0.7343126080094999,1.1269027266891385e-08,0.2330508474576271,0.2669902912621359,0.8747731397459165,0.3037300177619893
2025-09-02,5S,COINBASE->BITGET,-0.03990029756154112,0.5129881263663252,0.6898910117298123,2.899249944565696e-07,0.28761061946902655,0.32751091703056767,0.8910369068541301,0.3780487804878049
2025-09-02,5S,BYBITSPOT->BINANCE,-0.027977236269192574,0.5148360645645831,0.7796521566602668,2.627728978854549e-07,0.23113207547169812,0.2591093117408907,0.8144876325088339,0.29965156794425085
2025-09-02,5S,BYBITSPOT->COINBASE,0.10465302206587787,0.5199886728801664,0.29531629969732043,1.994100122804099e-07,0.2838983050847458,0.1792452830188679,0.8091872791519434,0.289198606271777
2025-09-02,5S,BYBITSPOT->BITGET,0.008665966386554619,0.543634461972633,0.9309420393207262,5.43847216150084e-08,0.21875,0.21008403361344538,0.822380106571936,0.2787456445993031
2025-09-02,5S,BITGET->BINANCE,-0.07909003226128317,0.38598907049715003,0.42900216012966164,0.00011343775041816606,0.205607476635514,0.2846975088967972,0.7779751332149201,0.39198606271777003
2025-09-02,5S,BITGET->COINBASE,0.05180275920701782,0.4252154777186869,0.6044390182361377,2.1172344414344124e-05,0.28761061946902655,0.23580786026200873,0.7684210526315789,0.343205574912892
2025-09-02,5S,BITGET->BYBITSPOT,-0.07574621268936554,0.47200099314349014,0.44877304764992965,2.358331287144466e-06,0.21238938053097345,0.288135593220339,0.7473118279569892,0.2753108348134991
2025-09-02,10S,BINANCE->COINBASE,-0.030539222389352305,0.115708327126471,0.7600674435327917,0.24723834065733086,0.21359223300970873,0.24413145539906103,0.4897959183673469,0.3740875912408759
2025-09-02,10S,BINANCE->BYBITSPOT,0.04665712438821684,0.05063333782509094,0.6408066647048833,0.612622634945877,0.37244897959183676,0.3257918552036199,0.4410569105691057,0.39042357274401474
2025-09-02,10S,BINANCE->BITGET,0.1852190177911175,-0.06723098707066644,0.0639985187081098,0.501386447169675,0.9278350515463918,0.7426160337552743,0.6933867735470942,0.7606177606177607
2025-09-02,10S,COINBASE->BINANCE,-0.06842225262197904,0.12096669268800408,0.4938346598967338,0.22640672556397878,0.29901960784313725,0.3674418604651163,0.6091269841269841,0.48816029143898
2025-09-02,10S,COINBASE->BYBITSPOT,-0.008912529550827442,0.141829246465008,0.9289823344785078,0.1561053957674523,0.31555555555555553,0.324468085106383,0.5364238410596026,0.3945945945945946
2025-09-02,10S,COINBASE->BITGET,-0.047970816233470104,0.10699431478156796,0.631434923130898,0.28464489978808105,0.34418604651162793,0.39215686274509803,0.5791666666666667,0.47217235188509876
2025-09-02,10S,BYBITSPOT->BINANCE,-0.02934782608695652,0.10196233257296594,0.7691566136411383,0.3079071380736573,0.275,0.30434782608695654,0.5264227642276422,0.4244604316546763
2025-09-02,10S,BYBITSPOT->COINBASE,0.1541386505912358,0.08151389636424616,0.1232227462414126,0.4149927707341179,0.3436123348017621,0.18947368421052632,0.45253863134657835,0.3710247349823322
2025-09-02,10S,BYBITSPOT->BITGET,-0.0677250032006145,0.09930784442979562,0.4982473284924045,0.32067172778361175,0.2336448598130841,0.3013698630136986,0.49390243902439024,0.3945945945945946
2025-09-02,10S,BITGET->BINANCE,0.01609597814021002,0.10817117664943754,0.872125077325415,0.2793806231167282,0.2755102040816326,0.2594142259414226,0.5177865612648221,0.4096153846153846
2025-09-02,10S,BITGET->COINBASE,-0.040763813651137626,0.10047911112768221,0.6835393615194532,0.31499744488470305,0.29577464788732394,0.33653846153846156,0.44948453608247424,0.34900542495479203
2025-09-02,10S,BITGET->BYBITSPOT,-0.041390205371248046,0.06075653349126087,0.6789458397807238,0.5434757978173603,0.26666666666666666,0.3080568720379147,0.4094650205761317,0.34870848708487084
2025-09-02,15S,BINANCE->COINBASE,0.0304742907801418,0.1746428571428571,0.7605619672760258,0.08073650882587491,0.3177083333333333,0.2872340425531915,0.48,0.3053571428571429
2025-09-02,15S,BINANCE->BYBITSPOT,-0.037493158182813346,0.07105921601334442,0.7077113505987136,0.47733700270519597,0.2777777777777778,0.31527093596059114,0.45454545454545453,0.3834862385321101
2025-09-02,15S,BINANCE->BITGET,-0.0903705299439897,0.12147744592534937,0.3661516883221103,0.22445212464436315,0.3409090909090909,0.4312796208530806,0.5614035087719298,0.4399260628465804
2025-09-02,15S,COINBASE->BINANCE,-0.04092261904761907,0.3180512711413679,0.682373675829614,0.0014701468930597983,0.38095238095238093,0.421875,0.7647058823529411,0.44665461121157324
2025-09-02,15S,COINBASE->BYBITSPOT,-0.01582836032963908,0.24456521739130432,0.8742333279399317,0.014459041670717987,0.34299516908212563,0.3588235294117647,0.6666666666666666,0.4221014492753623
2025-09-02,15S,COINBASE->BITGET,-0.0883288475654514,0.32092198581560283,0.37708042876415115,0.0013309567599864014,0.39800995024875624,0.48633879781420764,0.75,0.42907801418439717
2025-09-02,15S,BYBITSPOT->BINANCE,-0.10196078431372552,0.08489549666020252,0.3079144837875514,0.3959063512442351,0.3,0.4019607843137255,0.5098039215686274,0.4249084249084249
2025-09-02,15S,BYBITSPOT->COINBASE,0.04175202156334229,-0.0531331413684355,0.6762979408673142,0.5951891403876823,0.3160377358490566,0.2742857142857143,0.34615384615384615,0.39928698752228164
2025-09-02,15S,BYBITSPOT->BITGET,-0.06477652593784822,0.17671427444172655,0.5171367882346485,0.07720432554544376,0.3401015228426396,0.40487804878048783,0.6304347826086957,0.4537205081669691
2025-09-02,15S,BITGET->BINANCE,-0.0665916941119769,0.10184552289815446,0.5054641914355378,0.3084616670806444,0.3220338983050847,0.3886255924170616,0.5454545454545454,0.44360902255639095
2025-09-02,15S,BITGET->COINBASE,0.09414056159714329,0.17371619945422978,0.3464970367306808,0.08235858118174422,0.3564356435643564,0.26229508196721313,0.5172413793103449,0.3435251798561151
2025-09-02,15S,BITGET->BYBITSPOT,0.0005608974358974339,0.011678709460594905,0.9955247094229305,0.907028770776692,0.3697916666666667,0.36923076923076925,0.4090909090909091,0.3974121996303142
2025-09-02,30S,BINANCE->COINBASE,0.008485229415461981,-0.3888888888888889,0.9323788186879844,0.00010070420585361894,0.3108108108108108,0.3023255813953488,0.0,0.3888888888888889
2025-09-02,30S,BINANCE->BYBITSPOT,-0.08402233437130896,-0.3333333333333333,0.4007831722126465,0.0008581206663935692,0.2517985611510791,0.3358208955223881,0.0,0.3333333333333333
2025-09-02,30S,BINANCE->BITGET,-0.2211073950204385,-0.5555555555555556,0.027030716527047582,2.7673017877205552e-08,0.21367521367521367,0.43478260869565216,0.0,0.5555555555555556
2025-09-02,30S,COINBASE->BINANCE,-0.16518080737253332,-0.019607843137254943,0.09857368229763308,0.844548777837679,0.3422818791946309,0.5074626865671642,0.3333333333333333,0.35294117647058826
2025-09-02,30S,COINBASE->BYBITSPOT,-0.11006289308176104,0.026315789473684237,0.27105818878285115,0.7924288824045997,0.3333333333333333,0.44339622641509435,0.5,0.47368421052631576
2025-09-02,30S,COINBASE->BITGET,-0.15112160566706023,-0.4666666666666667,0.13073341277372053,3.0612534731577767e-06,0.4025974025974026,0.5537190082644629,0.0,0.4666666666666667
2025-09-02,30S,BYBITSPOT->BINANCE,-0.07722258273848148,-0.06666666666666671,0.43998068712694804,0.5049850750938456,0.3358208955223881,0.41304347826086957,0.3333333333333333,0.4
2025-09-02,30S,BYBITSPOT->COINBASE,-0.030631152287203256,0.36666666666666664,0.7593674666352979,0.00024573277993034104,0.3057324840764331,0.33636363636363636,0.6666666666666666,0.3
2025-09-02,30S,BYBITSPOT->BITGET,-0.12193877551020404,-0.2,0.2226970552455947,0.04550026389635842,0.3197278911564626,0.44166666666666665,0.0,0.2
2025-09-02,30S,BITGET->BINANCE,-0.28408042796532007,0.25,0.0044999920731709775,0.012419330651552318,0.20512820512820512,0.4892086330935252,0.5,0.25
2025-09-02,30S,BITGET->COINBASE,0.017019943614910715,0.11904761904761907,0.8648532951376995,0.2338592826927448,0.31210191082802546,0.29508196721311475,0.5,0.38095238095238093
2025-09-02,30S,BITGET->BYBITSPOT,-0.02068965517241378,0.025000000000000022,0.8360906495809257,0.8025873486341524,0.2896551724137931,0.3103448275862069,0.4,0.375
2025-09-03,1S,BINANCE->COINBASE,0.08383343030504531,0.29246935201401053,0.4018429754290769,0.003447956188524559,0.29515418502202645,0.21132075471698114,0.6690017513134852,0.37653239929947463
2025-09-03,1S,BINANCE->BYBITSPOT,0.15161227661227658,0.2916850635015454,0.12948831265466976,0.0035358505126135142,0.3194444444444444,0.16783216783216784,0.5884476534296029,0.29676258992805754
2025-09-03,1S,BINANCE->BITGET,-0.011016346837242397,0.3363904116050185,0.9122797339035644,0.0007684823701159527,0.29850746268656714,0.30952380952380953,0.6604127579737336,0.3240223463687151
2025-09-03,1S,COINBASE->BINANCE,-0.09288315127441243,0.3962972229171879,0.3529764104343125,7.402239513765174e-05,0.2807017543859649,0.37358490566037733,0.8248686514886164,0.42857142857142855
2025-09-03,1S,COINBASE->BYBITSPOT,-0.04084645669291337,0.5151312602925506,0.6829326390950772,2.5866961128606647e-07,0.27165354330708663,0.3125,0.8144144144144144,0.2992831541218638
2025-09-03,1S,COINBASE->BITGET,-0.07541016406562623,0.45835697403641656,0.45078819233068756,4.57104330386926e-06,0.3020408163265306,0.37745098039215685,0.8424015009380863,0.38404452690166974
2025-09-03,1S,BYBITSPOT->BINANCE,-0.03545080003832518,0.39243762089860085,0.7229582094162972,8.69547583914887e-05,0.29107981220657275,0.32653061224489793,0.7530647985989493,0.3606271777003484
2025-09-03,1S,BYBITSPOT->COINBASE,0.013775766716943194,0.43224186432507306,0.8904319419967008,1.5432799874703917e-05,0.22745098039215686,0.21367521367521367,0.702276707530648,0.2700348432055749
2025-09-03,1S,BYBITSPOT->BITGET,-0.10357317670093,0.4542187964823029,0.3003272978401119,5.567336650580401e-06,0.24444444444444444,0.34801762114537443,0.7652495378927912,0.31103074141048825
2025-09-03,1S,BITGET->BINANCE,-0.014586160108548185,0.38097963496396176,0.8840306452133238,0.00013908130683804032,0.2727272727272727,0.2873134328358209,0.6841155234657039,0.30313588850174217
2025-09-03,1S,BITGET->COINBASE,-0.025795650921658975,0.38522686163629793,0.7964404721386686,0.00011702854227912951,0.24609375,0.271889400921659,0.644808743169399,0.259581881533101
2025-09-03,1S,BITGET->BYBITSPOT,0.0018374081295935152,0.39062981213427783,0.9853404290816372,9.372087340997481e-05,0.24336283185840707,0.24152542372881355,0.6838235294117647,0.2931937172774869
2025-09-03,2S,BINANCE->COINBASE,0.08383343030504531,0.29246935201401053,0.4018429754290769,0.003447956188524559,0.29515418502202645,0.21132075471698114,0.6690017513134852,0.37653239929947463
2025-09-03,2S,BINANCE->BYBITSPOT,0.15161227661227658,0.2916850635015454,0.12948831265466976,0.0035358505126135142,0.3194444444444444,0.16783216783216784,0.5884476534296029,0.29676258992805754
2025-09-03,2S,BINANCE->BITGET,-0.011016346837242397,0.3363904116050185,0.9122797339035644,0.0007684823701159527,0.29850746268656714,0.30952380952380953,0.6604127579737336,0.3240223463687151
2025-09-03,2S,COINBASE->BINANCE,-0.09288315127441243,0.3962972229171879,0.3529764104343125,7.402239513765174e-05,0.2807017543859649,0.37358490566037733,0.8248686514886164,0.42857142857142855
2025-09-03,2S,COINBASE->BYBITSPOT,-0.04084645669291337,0.5151312602925506,0.6829326390950772,2.5866961128606647e-07,0.27165354330708663,0.3125,0.8144144144144144,0.2992831541218638
2025-09-03,2S,COINBASE->BITGET,-0.07541016406562623,0.45835697403641656,0.45078819233068756,4.57104330386926e-06,0.3020408163265306,0.37745098039215685,0.8424015009380863,0.38404452690166974
2025-09-03,2S,BYBITSPOT->BINANCE,-0.03545080003832518,0.39243762089860085,0.7229582094162972,8.69547583914887e-05,0.29107981220657275,0.32653061224489793,0.7530647985989493,0.3606271777003484
2025-09-03,2S,BYBITSPOT->COINBASE,0.013775766716943194,0.43224186432507306,0.8904319419967008,1.5432799874703917e-05,0.22745098039215686,0.21367521367521367,0.702276707530648,0.2700348432055749
2025-09-03,2S,BYBITSPOT->BITGET,-0.10357317670093,0.4542187964823029,0.3003272978401119,5.567336650580401e-06,0.24444444444444444,0.34801762114537443,0.7652495378927912,0.31103074141048825
2025-09-03,2S,BITGET->BINANCE,-0.014586160108548185,0.38097963496396176,0.8840306452133238,0.00013908130683804032,0.2727272727272727,0.2873134328358209,0.6841155234657039,0.30313588850174217
2025-09-03,2S,BITGET->COINBASE,-0.025795650921658975,0.38522686163629793,0.7964404721386686,0.00011702854227912951,0.24609375,0.271889400921659,0.644808743169399,0.259581881533101
2025-09-03,2S,BITGET->BYBITSPOT,0.0018374081295935152,0.39062981213427783,0.9853404290816372,9.372087340997481e-05,0.24336283185840707,0.24152542372881355,0.6838235294117647,0.2931937172774869
2025-09-03,5S,BINANCE->COINBASE,0.08383343030504531,0.29246935201401053,0.4018429754290769,0.003447956188524559,0.29515418502202645,0.21132075471698114,0.6690017513134852,0.37653239929947463
2025-09-03,5S,BINANCE->BYBITSPOT,0.15161227661227658,0.2916850635015454,0.12948831265466976,0.0035358505126135142,0.3194444444444444,0.16783216783216784,0.5884476534296029,0.29676258992805754
2025-09-03,5S,BINANCE->BITGET,-0.011016346837242397,0.3363904116050185,0.9122797339035644,0.0007684823701159527,0.29850746268656714,0.30952380952380953,0.6604127579737336,0.3240223463687151
2025-09-03,5S,COINBASE->BINANCE,-0.09288315127441243,0.3962972229171879,0.3529764104343125,7.402239513765174e-05,0.2807017543859649,0.37358490566037733,0.8248686514886164,0.42857142857142855
2025-09-03,5S,COINBASE->BYBITSPOT,-0.04084645669291337,0.5151312602925506,0.6829326390950772,2.5866961128606647e-07,0.27165354330708663,0.3125,0.8144144144144144,0.2992831541218638
2025-09-03,5S,COINBASE->BITGET,-0.07541016406562623,0.45835697403641656,0.45078819233068756,4.57104330386926e-06,0.3020408163265306,0.37745098039215685,0.8424015009380863,0.38404452690166974
2025-09-03,5S,BYBITSPOT->BINANCE,-0.03545080003832518,0.39243762089860085,0.7229582094162972,8.69547583914887e-05,0.29107981220657275,0.32653061224489793,0.7530647985989493,0.3606271777003484
2025-09-03,5S,BYBITSPOT->COINBASE,0.013775766716943194,0.43224186432507306,0.8904319419967008,1.5432799874703917e-05,0.22745098039215686,0.21367521367521367,0.702276707530648,0.2700348432055749
2025-09-03,5S,BYBITSPOT->BITGET,-0.10357317670093,0.4542187964823029,0.3003272978401119,5.567336650580401e-06,0.24444444444444444,0.34801762114537443,0.7652495378927912,0.31103074141048825
2025-09-03,5S,BITGET->BINANCE,-0.014586160108548185,0.38097963496396176,0.8840306452133238,0.00013908130683804032,0.2727272727272727,0.2873134328358209,0.6841155234657039,0.30313588850174217
2025-09-03,5S,BITGET->COINBASE,-0.025795650921658975,0.38522686163629793,0.7964404721386686,0.00011702854227912951,0.24609375,0.271889400921659,0.644808743169399,0.259581881533101
2025-09-03,5S,BITGET->BYBITSPOT,0.0018374081295935152,0.39062981213427783,0.9853404290816372,9.372087340997481e-05,0.24336283185840707,0.24152542372881355,0.6838235294117647,0.2931937172774869
2025-09-03,10S,BINANCE->COINBASE,0.08670715249662617,0.053505338139552494,0.38590282133728593,0.5926129450095896,0.28846153846153844,0.20175438596491227,0.391713747645951,0.3382084095063985
2025-09-03,10S,BINANCE->BYBITSPOT,0.10978835978835977,-0.025401494822017368,0.27225532102741323,0.7994840097677294,0.3439153439153439,0.23412698412698413,0.3806706114398422,0.4060721062618596
2025-09-03,10S,BINANCE->BITGET,-0.024100771807193833,0.019956832547609993,0.8095491346624217,0.841818202022826,0.30158730158730157,0.3256880733944954,0.45621181262729127,0.4362549800796813
2025-09-03,10S,COINBASE->BINANCE,-0.1440400032391287,0.03294312078226136,0.14975425452674718,0.7418297825720543,0.30660377358490565,0.45064377682403434,0.5584905660377358,0.5255474452554745
2025-09-03,10S,COINBASE->BYBITSPOT,-0.005806682151152376,0.10889746493533153,0.9536954023810189,0.27616506501066884,0.3620689655172414,0.36787564766839376,0.5150905432595574,0.40619307832422585
2025-09-03,10S,COINBASE->BITGET,-0.14174283012921524,0.06398276899686423,0.15635774310664097,0.5222846285400895,0.35526315789473684,0.49700598802395207,0.5601659751037344,0.4961832061068702
2025-09-03,10S,BYBITSPOT->BINANCE,-0.12054400919452163,0.12849816849816847,0.22803345207489434,0.19879868423066616,0.3096446700507614,0.43018867924528303,0.579047619047619,0.45054945054945056
2025-09-03,10S,BYBITSPOT->COINBASE,0.13673854504590463,0.09658757351606945,0.17150452035949515,0.33410636553409434,0.3628691983122363,0.22613065326633167,0.4530938123752495,0.35650623885918004
2025-09-03,10S,BYBITSPOT->BITGET,-0.03747307968413499,0.08395195033067887,0.7078606858898082,0.4011778494349514,0.3142857142857143,0.35175879396984927,0.5355648535564853,0.45161290322580644
2025-09-03,10S,BITGET->BINANCE,-0.11760092372715192,-0.019333288346042254,0.23959118482035713,0.846698274829329,0.29441624365482233,0.41201716738197425,0.4461839530332681,0.46551724137931033
2025-09-03,10S,BITGET->COINBASE,-0.01062757672927167,0.09583858764186631,0.915363557587936,0.3378682144434646,0.2542372881355932,0.2648648648648649,0.42735042735042733,0.331511839708561
2025-09-03,10S,BITGET->BYBITSPOT,0.0317386878874803,0.060318069054781265,0.7509500620937111,0.5463884917921749,0.29906542056074764,0.26732673267326734,0.4360086767895879,0.3756906077348066
2025-09-03,15S,BINANCE->COINBASE,-0.04516711833785009,0.03866906474820142,0.6515058807931389,0.6989852408050163,0.2962962962962963,0.34146341463414637,0.375,0.3363309352517986
2025-09-03,15S,BINANCE->BYBITSPOT,-0.01807061440088964,0.057219319485153575,0.8565982359642523,0.5671910972983945,0.30303030303030304,0.3211009174311927,0.4406779661016949,0.38345864661654133
2025-09-03,15S,BINANCE->BITGET,0.01751224909119642,-0.06921906693711966,0.8609833861551732,0.48881759751177123,0.3742690058479532,0.3567567567567568,0.375,0.44421906693711966
2025-09-03,15S,COINBASE->BINANCE,-0.03466805791052563,0.19195314489432136,0.7288313020389925,0.05491711018226142,0.4385026737967914,0.47317073170731705,0.6857142857142857,0.49376114081996436
2025-09-03,15S,COINBASE->BYBITSPOT,-0.00565119109720047,0.21372912801484228,0.9549340071060426,0.03257430765049274,0.37089201877934275,0.3765432098765432,0.6571428571428571,0.44341372912801486
2025-09-03,15S,COINBASE->BITGET,-0.18935698447893567,0.14466684946531394,0.05828212928605114,0.14798979238558152,0.35609756097560974,0.5454545454545454,0.6571428571428571,0.5124760076775432
2025-09-03,15S,BYBITSPOT->BINANCE,-0.02732919254658389,-0.08322026232473995,0.7846288217161972,0.4052945834423012,0.45962732919254656,0.48695652173913045,0.42424242424242425,0.5074626865671642
2025-09-03,15S,BYBITSPOT->COINBASE,0.003628447024673409,0.20483576642335766,0.9710555327339212,0.04052496658710325,0.3113207547169811,0.3076923076923077,0.5625,0.35766423357664234
2025-09-03,15S,BYBITSPOT->BITGET,-0.04525816489924167,0.10382610755745086,0.6508500153806085,0.2991485250963877,0.40106951871657753,0.4463276836158192,0.5522388059701493,0.44841269841269843
2025-09-03,15S,BITGET->BINANCE,-0.006828269033799961,0.011554640813157824,0.9455606030747337,0.9080120384060186,0.3793103448275862,0.38613861386138615,0.46846846846846846,0.45691382765531063
2025-09-03,15S,BITGET->COINBASE,-0.015456086016478687,-0.004832191179054646,0.8771675281762166,0.9614596918664216,0.3348623853211009,0.3503184713375796,0.40476190476190477,0.4095940959409594
2025-09-03,15S,BITGET->BYBITSPOT,-0.0096340212062479,-0.05539800830970126,0.9232503749931065,0.5795924764391045,0.336734693877551,0.3463687150837989,0.3220338983050847,0.377431906614786
2025-09-03,30S,BINANCE->COINBASE,0.009750876984362944,-0.6666666666666666,0.9223223700918759,2.616795669041494e-11,0.2975206611570248,0.28776978417266186,0.0,0.6666666666666666
2025-09-03,30S,BINANCE->BYBITSPOT,-0.12009933027315828,-0.25,0.22975379925025385,0.012419330651552318,0.28865979381443296,0.40875912408759124,0.0,0.25
2025-09-03,30S,BINANCE->BITGET,-0.08742579600647599,0.0,0.38197778811791583,1.0,0.35294117647058826,0.44036697247706424,0.25,0.25
2025-09-03,30S,COINBASE->BINANCE,-0.2083775185577943,0.3,0.037180621504165234,0.002699796063260207,0.34959349593495936,0.5579710144927537,0.5,0.2
2025-09-03,30S,COINBASE->BYBITSPOT,-0.1263120567375886,0.125,0.2065458535505309,0.2112995473337107,0.28368794326241137,0.41,0.5,0.375
2025-09-03,30S,COINBASE->BITGET,-0.2608153477218225,0.6666666666666667,0.009103212860421817,2.616795669041494e-11,0.35251798561151076,0.6133333333333333,1.0,0.3333333333333333
2025-09-03,30S,BYBITSPOT->BINANCE,-0.21041666666666664,-0.3333333333333333,0.035363911114494107,0.0008581206663935692,0.3229166666666667,0.5333333333333333,0.0,0.3333333333333333
2025-09-03,30S,BYBITSPOT->COINBASE,-0.025349650349650366,-0.5714285714285714,0.7998845627573823,1.101657720603555e-08,0.2727272727272727,0.2980769230769231,0.0,0.5714285714285714
2025-09-03,30S,BYBITSPOT->BITGET,-0.025229034531360106,-0.6666666666666666,0.8008166501512335,2.616795669041494e-11,0.35658914728682173,0.38181818181818183,0.0,0.6666666666666666
2025-09-03,30S,BITGET->BINANCE,-0.02137049941927993,-0.41666666666666663,0.8307771165119453,3.090859376464472e-05,0.4095238095238095,0.43089430894308944,0.25,0.6666666666666666
2025-09-03,30S,BITGET->COINBASE,0.0723694779116466,0.6666666666666667,0.4692531390972332,2.616795669041494e-11,0.31333333333333335,0.24096385542168675,1.0,0.3333333333333333
2025-09-03,30S,BITGET->BYBITSPOT,-0.024417027323816287,0.5,0.8070989489014162,5.733031438470704e-07,0.36496350364963503,0.3893805309734513,0.5,0.0
2025-09-04,1S,BINANCE->COINBASE,0.009860045982687055,0.2887108112774722,0.9214555049124495,0.003888006087245266,0.2183406113537118,0.20848056537102475,0.6179577464788732,0.329246935201401
2025-09-04,1S,BINANCE->BYBITSPOT,0.02796375194427539,0.34192126909518206,0.7797556186406784,0.0006280261585027702,0.2358490566037736,0.2078853046594982,0.5887681159420289,0.24684684684684685
2025-09-04,1S,BINANCE->BITGET,0.014401009375883733,0.35794307415085935,0.8854924990568307,0.00034434349115897156,0.2914572864321608,0.27705627705627706,0.6514851485148515,0.29354207436399216
2025-09-04,1S,COINBASE->BINANCE,-0.12815428983417448,0.37064764503788894,0.2000030421761827,0.00021016276809637802,0.3684210526315789,0.4965753424657534,0.8758741258741258,0.5052264808362369
2025-09-04,1S,COINBASE->BYBITSPOT,-0.09435594886922319,0.5133444333299664,0.34539480228654584,2.844872002416565e-07,0.23008849557522124,0.3244444444444444,0.822141560798548,0.3087971274685817
2025-09-04,1S,COINBASE->BITGET,-0.09871600492750876,0.4768624459699975,0.32356418346586935,1.85488064485817e-06,0.2827868852459016,0.3815028901734104,0.8043478260869565,0.32748538011695905
2025-09-04,1S,BYBITSPOT->BINANCE,-0.012244897959183654,0.454381548303142,0.9025434502178098,5.5245020875727135e-06,0.3142857142857143,0.32653061224489793,0.8150087260034904,0.3606271777003484
2025-09-04,1S,BYBITSPOT->COINBASE,0.043424480386828335,0.4708349464447025,0.6641106809563189,2.497306911930508e-06,0.2794759825327511,0.23605150214592274,0.7513227513227513,0.2804878048780488
2025-09-04,1S,BYBITSPOT->BITGET,-0.04135168314272791,0.4309374691513748,0.6792279933296899,1.6371678959847813e-05,0.27705627705627706,0.31840796019900497,0.7630057803468208,0.33206831119544594
2025-09-04,1S,BITGET->BINANCE,-0.014634146341463428,0.33690868568917354,0.883651835100635,0.000754176590888056,0.3024390243902439,0.3170731707317073,0.7045045045045045,0.367595818815331
2025-09-04,1S,BITGET->COINBASE,0.0034107519896053318,0.37450573542653565,0.972791411965565,0.00018035256943838007,0.2480916030534351,0.24468085106382978,0.6741573033707865,0.29965156794425085
2025-09-04,1S,BITGET->BYBITSPOT,-0.03962307870549159,0.4119684458667509,0.6919347812113934,3.793915988037355e-05,0.23140495867768596,0.27102803738317754,0.6986817325800376,0.2867132867132867
2025-09-04,2S,BINANCE->COINBASE,0.009860045982687055,0.2887108112774722,0.9214555049124495,0.003888006087245266,0.2183406113537118,0.20848056537102475,0.6179577464788732,0.329246935201401
2025-09-04,2S,BINANCE->BYBITSPOT,0.02796375194427539,0.34192126909518206,0.7797556186406784,0.0006280261585027702,0.2358490566037736,0.2078853046594982,0.5887681159420289,0.24684684684684685
2025-09-04,2S,BINANCE->BITGET,0.014401009375883733,0.35794307415085935,0.8854924990568307,0.00034434349115897156,0.2914572864321608,0.27705627705627706,0.6514851485148515,0.29354207436399216
2025-09-04,2S,COINBASE->BINANCE,-0.12815428983417448,0.37064764503788894,0.2000030421761827,0.00021016276809637802,0.3684210526315789,0.4965753424657534,0.8758741258741258,0.5052264808362369
2025-09-04,2S,COINBASE->BYBITSPOT,-0.09435594886922319,0.5133444333299664,0.34539480228654584,2.844872002416565e-07,0.23008849557522124,0.3244444444444444,0.822141560798548,0.3087971274685817
2025-09-04,2S,COINBASE->BITGET,-0.09871600492750876,0.4768624459699975,0.32356418346586935,1.85488064485817e-06,0.2827868852459016,0.3815028901734104,0.8043478260869565,0.32748538011695905
2025-09-04,2S,BYBITSPOT->BINANCE,-0.012244897959183654,0.454381548303142,0.9025434502178098,5.5245020875727135e-06,0.3142857142857143,0.32653061224489793,0.8150087260034904,0.3606271777003484
2025-09-04,2S,BYBITSPOT->COINBASE,0.043424480386828335,0.4708349464447025,0.6641106809563189,2.497306911930508e-06,0.2794759825327511,0.23605150214592274,0.7513227513227513,0.2804878048780488
2025-09-04,2S,BYBITSPOT->BITGET,-0.04135168314272791,0.4309374691513748,0.6792279933296899,1.6371678959847813e-05,0.27705627705627706,0.31840796019900497,0.7630057803468208,0.33206831119544594
2025-09-04,2S,BITGET->BINANCE,-0.014634146341463428,0.33690868568917354,0.883651835100635,0.000754176590888056,0.3024390243902439,0.3170731707317073,0.7045045045045045,0.367595818815331
2025-09-04,2S,BITGET->COINBASE,0.0034107519896053318,0.37450573542653565,0.972791411965565,0.00018035256943838007,0.2480916030534351,0.24468085106382978,0.6741573033707865,0.29965156794425085
2025-09-04,2S,BITGET->BYBITSPOT,-0.03962307870549159,0.4119684458667509,0.6919347812113934,3.793915988037355e-05,0.23140495867768596,0.27102803738317754,0.6986817325800376,0.2867132867132867
2025-09-04,5S,BINANCE->COINBASE,0.009860045982687055,0.2887108112774722,0.9214555049124495,0.003888006087245266,0.2183406113537118,0.20848056537102475,0.6179577464788732,0.329246935201401
2025-09-04,5S,BINANCE->BYBITSPOT,0.02796375194427539,0.34192126909518206,0.7797556186406784,0.0006280261585027702,0.2358490566037736,0.2078853046594982,0.5887681159420289,0.24684684684684685
2025-09-04,5S,BINANCE->BITGET,0.014401009375883733,0.35794307415085935,0.8854924990568307,0.00034434349115897156,0.2914572864321608,0.27705627705627706,0.6514851485148515,0.29354207436399216
2025-09-04,5S,COINBASE->BINANCE,-0.12815428983417448,0.37064764503788894,0.2000030421761827,0.00021016276809637802,0.3684210526315789,0.4965753424657534,0.8758741258741258,0.5052264808362369
2025-09-04,5S,COINBASE->BYBITSPOT,-0.09435594886922319,0.5133444333299664,0.34539480228654584,2.844872002416565e-07,0.23008849557522124,0.3244444444444444,0.822141560798548,0.3087971274685817
2025-09-04,5S,COINBASE->BITGET,-0.09871600492750876,0.4768624459699975,0.32356418346586935,1.85488064485817e-06,0.2827868852459016,0.3815028901734104,0.8043478260869565,0.32748538011695905
2025-09-04,5S,BYBITSPOT->BINANCE,-0.012244897959183654,0.454381548303142,0.9025434502178098,5.5245020875727135e-06,0.3142857142857143,0.32653061224489793,0.8150087260034904,0.3606271777003484
2025-09-04,5S,BYBITSPOT->COINBASE,0.043424480386828335,0.4708349464447025,0.6641106809563189,2.497306911930508e-06,0.2794759825327511,0.23605150214592274,0.7513227513227513,0.2804878048780488
2025-09-04,5S,BYBITSPOT->BITGET,-0.04135168314272791,0.4309374691513748,0.6792279933296899,1.6371678959847813e-05,0.27705627705627706,0.31840796019900497,0.7630057803468208,0.33206831119544594
2025-09-04,5S,BITGET->BINANCE,-0.014634146341463428,0.33690868568917354,0.883651835100635,0.000754176590888056,0.3024390243902439,0.3170731707317073,0.7045045045045045,0.367595818815331
2025-09-04,5S,BITGET->COINBASE,0.0034107519896053318,0.37450573542653565,0.972791411965565,0.00018035256943838007,0.2480916030534351,0.24468085106382978,0.6741573033707865,0.29965156794425085
2025-09-04,5S,BITGET->BYBITSPOT,-0.03962307870549159,0.4119684458667509,0.6919347812113934,3.793915988037355e-05,0.23140495867768596,0.27102803738317754,0.6986817325800376,0.2867132867132867
2025-09-04,10S,BINANCE->COINBASE,0.055349334369837716,-0.0109548785477811,0.5799256372639032,0.9127672293568521,0.25853658536585367,0.20318725099601595,0.3773946360153257,0.3883495145631068
2025-09-04,10S,BINANCE->BYBITSPOT,0.13404808317089018,0.04207295582706766,0.1800890720347894,0.6739525745813182,0.33157894736842103,0.19753086419753085,0.42293233082706766,0.380859375
2025-09-04,10S,BINANCE->BITGET,0.004985634612134526,0.07843013477502175,0.9602368647613577,0.4328633088446985,0.36065573770491804,0.3556701030927835,0.47300215982721383,0.3945720250521921
2025-09-04,10S,COINBASE->BINANCE,0.015120441494518633,0.05279383429672446,0.8798144677162936,0.5975421309002735,0.41037735849056606,0.3952569169960474,0.6,0.5472061657032755
2025-09-04,10S,COINBASE->BYBITSPOT,-0.13050761051634988,0.12804639670243334,0.19186693432596957,0.20038200954015206,0.2463768115942029,0.3768844221105528,0.5420944558521561,0.41404805914972276
2025-09-04,10S,COINBASE->BITGET,-0.012755102040816313,0.14349076959961637,0.8985042944594324,0.15131340235729862,0.375,0.3877551020408163,0.5744186046511628,0.4309278350515464
2025-09-04,10S,BYBITSPOT->BINANCE,-0.008199643493761122,0.019963943315537858,0.934649548418651,0.8417625853442567,0.39572192513368987,0.403921568627451,0.5631970260223048,0.543233082706767
2025-09-04,10S,BYBITSPOT->COINBASE,-0.01204327413757908,0.06500758183926503,0.9041403562784667,0.5156432483281748,0.24882629107981222,0.2608695652173913,0.4415841584158416,0.37657657657657656
2025-09-04,10S,BYBITSPOT->BITGET,-0.09449512751399547,0.12004440829815527,0.34468375215160063,0.2299669169508225,0.30660377358490565,0.4010989010989011,0.543046357615894,0.42300194931773877
2025-09-04,10S,BITGET->BINANCE,-0.008618971701873257,0.05969498571461934,0.9313156049192537,0.5505408588289031,0.3471502590673575,0.3557692307692308,0.5062240663900415,0.44652908067542213
2025-09-04,10S,BITGET->COINBASE,0.06447276710146374,0.15643055943286893,0.5191036811076375,0.11774581897099701,0.29338842975206614,0.2289156626506024,0.45496535796766746,0.29853479853479853
2025-09-04,10S,BITGET->BYBITSPOT,-0.036258478119483406,0.0650470601622316,0.716915080560832,0.5153882854781451,0.28820960698689957,0.324468085106383,0.4801762114537445,0.4151291512915129
2025-09-04,15S,BINANCE->COINBASE,0.03396118721461189,0.16104868913857678,0.734148836328254,0.10729160492038625,0.3125,0.2785388127853881,0.5,0.3389513108614232
2025-09-04,15S,BINANCE->BYBITSPOT,-0.009202803578551466,-0.0007352941176470562,0.9266757647681494,0.9941332546238424,0.2981366459627329,0.3073394495412844,0.3875,0.38823529411764707
2025-09-04,15S,BINANCE->BITGET,-0.11398311361279811,0.15762319871908914,0.25435665921717865,0.11497234929115319,0.2929936305732484,0.4069767441860465,0.5342465753424658,0.37662337662337664
2025-09-04,15S,COINBASE->BINANCE,-0.13638816660942943,0.0837144920558498,0.17260481193518906,0.4025111131613264,0.39572192513368987,0.5321100917431193,0.5967741935483871,0.5130597014925373
2025-09-04,15S,COINBASE->BYBITSPOT,-0.06160059835452508,0.09464501815248089,0.5378905706773807,0.3439190206850382,0.3612565445026178,0.4228571428571429,0.5405405405405406,0.4458955223880597
2025-09-04,15S,COINBASE->BITGET,-0.02720401137554257,0.17052512704686618,0.7855911757072986,0.08814757157089392,0.44607843137254904,0.4732824427480916,0.6363636363636364,0.4658385093167702
2025-09-04,15S,BYBITSPOT->BINANCE,-0.20828919149375985,0.07744101429160877,0.03726107674937729,0.43868828741015475,0.35502958579881655,0.5633187772925764,0.5943396226415094,0.5168986083499006
2025-09-04,15S,BYBITSPOT->COINBASE,-0.027558828605948993,0.08773637895525183,0.7828643077530617,0.3802890745527425,0.33507853403141363,0.3626373626373626,0.46938775510204084,0.381651376146789
2025-09-04,15S,BYBITSPOT->BITGET,-0.15284974093264247,0.12510460251046024,0.1263890862684729,0.21091768604828154,0.3471502590673575,0.5,0.6,0.47489539748953974
2025-09-04,15S,BITGET->BINANCE,-0.03723836301155886,-0.007306889352818424,0.709607240243249,0.9417512948377698,0.40606060606060607,0.44329896907216493,0.5,0.5073068893528184
2025-09-04,15S,BITGET->COINBASE,0.052687169928549216,-0.027906976744186074,0.5982826880711567,0.7801912838636325,0.34234234234234234,0.2896551724137931,0.35,0.37790697674418605
2025-09-04,15S,BITGET->BYBITSPOT,0.04859213827711184,-0.020782693242586248,0.6270229072016045,0.8353641026890191,0.38388625592417064,0.3352941176470588,0.36764705882352944,0.3884297520661157
2025-09-04,30S,BINANCE->COINBASE,-0.07101991418197823,0.0,0.47758065297195573,1.0,0.23770491803278687,0.3087248322147651,0.5,0.5
2025-09-04,30S,BINANCE->BYBITSPOT,-0.02821956368754397,0.0,0.7777935036970081,1.0,0.29591836734693877,0.32413793103448274,0.5,0.5
2025-09-04,30S,BINANCE->BITGET,-0.15310805173133085,-0.25,0.12574949426223703,0.012419330651552318,0.2978723404255319,0.45098039215686275,0.75,1.0
2025-09-04,30S,COINBASE->BINANCE,-0.21356700574966836,0.3333333333333333,0.0327063166476389,0.0008581206663935692,0.31932773109243695,0.5328947368421053,0.3333333333333333,0.0
2025-09-04,30S,COINBASE->BYBITSPOT,-0.03439153439153442,-0.4,0.7309099521888436,6.334248366623996e-05,0.31746031746031744,0.35185185185185186,0.0,0.4
2025-09-04,30S,COINBASE->BITGET,-0.11375291375291374,-0.25,0.2553171510378287,0.012419330651552318,0.3939393939393939,0.5076923076923077,0.25,0.5
2025-09-04,30S,BYBITSPOT->BINANCE,-0.2692307692307692,-0.3333333333333333,0.007095944543531019,0.0008581206663935692,0.3269230769230769,0.5961538461538461,0.3333333333333333,0.6666666666666666
2025-09-04,30S,BYBITSPOT->COINBASE,-0.14052089642640825,-0.1111111111111111,0.15995914928886057,0.26652052580501095,0.2440944881889764,0.38461538461538464,0.0,0.1111111111111111
2025-09-04,30S,BYBITSPOT->BITGET,-0.06844444444444442,0.23809523809523808,0.4936945591976407,0.017267943996175594,0.376,0.4444444444444444,0.6666666666666666,0.42857142857142855
2025-09-04,30S,BITGET->BINANCE,-0.15489176036247693,0.4,0.12140152862053166,6.334248366623996e-05,0.33663366336633666,0.4915254237288136,0.4,0.0
2025-09-04,30S,BITGET->COINBASE,0.05314553990610327,0.25,0.5951032404761276,0.012419330651552318,0.30666666666666664,0.2535211267605634,0.5,0.25
2025-09-04,30S,BITGET->BYBITSPOT,-0.07078914750034432,0.0,0.47901265414859884,1.0,0.30656934306569344,0.37735849056603776,0.3333333333333333,0.3333333333333333
2025-09-05,1S,BINANCE->COINBASE,0.08871128871128875,0.10520449284060701,0.37501812646298793,0.2927789370157172,0.39090909090909093,0.3021978021978022,0.5669781931464174,0.4617737003058104
2025-09-05,1S,BINANCE->BYBITSPOT,-0.013533037950298615,0.2520895068763771,0.892350666642967,0.011705675291409534,0.21551724137931033,0.22905027932960895,0.5264797507788161,0.27439024390243905
2025-09-05,1S,BINANCE->BITGET,0.0035714285714285865,0.34069791451579595,0.9715101794666454,0.0006568614573836395,0.2,0.19642857142857142,0.5862068965517241,0.24550898203592814
2025-09-05,1S,COINBASE->BINANCE,0.14713261648745524,0.3944164309433034,0.14120293060529643,8.007874066540133e-05,0.41935483870967744,0.2722222222222222,0.851063829787234,0.45664739884393063
2025-09-05,1S,COINBASE->BYBITSPOT,-0.09219396353608089,0.5825944716528019,0.3565600633942485,5.679041459316636e-09,0.29098360655737704,0.38317757009345793,0.8670309653916212,0.2844364937388193
2025-09-05,1S,COINBASE->BITGET,-0.2351550183920126,0.5081498753245607,0.01869536758282475,3.7446847156452634e-07,0.22727272727272727,0.4624277456647399,0.8540856031128404,0.34593572778827975
2025-09-05,1S,BYBITSPOT->BINANCE,0.08088235294117646,0.4028567117638183,0.4186166599714083,5.6117840293579135e-05,0.375,0.29411764705882354,0.7418397626112759,0.3389830508474576
2025-09-05,1S,BYBITSPOT->COINBASE,0.021793048108837587,0.5002177700348431,0.8274832774064453,5.668630149724407e-07,0.20647773279352227,0.18468468468468469,0.7232142857142857,0.2229965156794425
2025-09-05,1S,BYBITSPOT->BITGET,0.04975760840290869,0.47234572914989115,0.6187828639905926,2.3186867030844382e-06,0.27848101265822783,0.22872340425531915,0.8007590132827325,0.3284132841328413
2025-09-05,1S,BITGET->BINANCE,0.15429652314898218,0.33340160576765526,0.12283921204369652,0.0008560171581626363,0.4180327868852459,0.26373626373626374,0.7205882352941176,0.3871866295264624
2025-09-05,1S,BITGET->COINBASE,0.07022270114942528,0.46357654495291634,0.48253760288775727,3.55619030822929e-06,0.265625,0.19540229885057472,0.6970260223048327,0.23344947735191637
2025-09-05,1S,BITGET->BYBITSPOT,0.01978456326282413,0.3498781835454081,0.8431658421010857,0.00046738883871433323,0.2450592885375494,0.22527472527472528,0.6476014760147601,0.29772329246935203
2025-09-05,2S,BINANCE->COINBASE,0.08871128871128875,0.10520449284060701,0.37501812646298793,0.2927789370157172,0.39090909090909093,0.3021978021978022,0.5669781931464174,0.4617737003058104
2025-09-05,2S,BINANCE->BYBITSPOT,-0.013533037950298615,0.2520895068763771,0.892350666642967,0.011705675291409534,0.21551724137931033,0.22905027932960895,0.5264797507788161,0.27439024390243905
2025-09-05,2S,BINANCE->BITGET,0.0035714285714285865,0.34069791451579595,0.9715101794666454,0.0006568614573836395,0.2,0.19642857142857142,0.5862068965517241,0.24550898203592814
2025-09-05,2S,COINBASE->BINANCE,0.14713261648745524,0.3944164309433034,0.14120293060529643,8.007874066540133e-05,0.41935483870967744,0.2722222222222222,0.851063829787234,0.45664739884393063
2025-09-05,2S,COINBASE->BYBITSPOT,-0.09219396353608089,0.5825944716528019,0.3565600633942485,5.679041459316636e-09,0.29098360655737704,0.38317757009345793,0.8670309653916212,0.2844364937388193
2025-09-05,2S,COINBASE->BITGET,-0.2351550183920126,0.5081498753245607,0.01869536758282475,3.7446847156452634e-07,0.22727272727272727,0.4624277456647399,0.8540856031128404,0.34593572778827975
2025-09-05,2S,BYBITSPOT->BINANCE,0.08088235294117646,0.4028567117638183,0.4186166599714083,5.6117840293579135e-05,0.375,0.29411764705882354,0.7418397626112759,0.3389830508474576
2025-09-05,2S,BYBITSPOT->COINBASE,0.021793048108837587,0.5002177700348431,0.8274832774064453,5.668630149724407e-07,0.20647773279352227,0.18468468468468469,0.7232142857142857,0.2229965156794425
2025-09-05,2S,BYBITSPOT->BITGET,0.04975760840290869,0.47234572914989115,0.6187828639905926,2.3186867030844382e-06,0.27848101265822783,0.22872340425531915,0.8007590132827325,0.3284132841328413
2025-09-05,2S,BITGET->BINANCE,0.15429652314898218,0.33340160576765526,0.12283921204369652,0.0008560171581626363,0.4180327868852459,0.26373626373626374,0.7205882352941176,0.3871866295264624
2025-09-05,2S,BITGET->COINBASE,0.07022270114942528,0.46357654495291634,0.48253760288775727,3.55619030822929e-06,0.265625,0.19540229885057472,0.6970260223048327,0.23344947735191637
2025-09-05,2S,BITGET->BYBITSPOT,0.01978456326282413,0.3498781835454081,0.8431658421010857,0.00046738883871433323,0.2450592885375494,0.22527472527472528,0.6476014760147601,0.29772329246935203
2025-09-05,5S,BINANCE->COINBASE,0.08871128871128875,0.10520449284060701,0.37501812646298793,0.2927789370157172,0.39090909090909093,0.3021978021978022,0.5669781931464174,0.4617737003058104
2025-09-05,5S,BINANCE->BYBITSPOT,-0.013533037950298615,0.2520895068763771,0.892350666642967,0.011705675291409534,0.21551724137931033,0.22905027932960895,0.5264797507788161,0.27439024390243905
2025-09-05,5S,BINANCE->BITGET,0.0035714285714285865,0.34069791451579595,0.9715101794666454,0.0006568614573836395,0.2,0.19642857142857142,0.5862068965517241,0.24550898203592814
2025-09-05,5S,COINBASE->BINANCE,0.14713261648745524,0.3944164309433034,0.14120293060529643,8.007874066540133e-05,0.41935483870967744,0.2722222222222222,0.851063829787234,0.45664739884393063
2025-09-05,5S,COINBASE->BYBITSPOT,-0.09219396353608089,0.5825944716528019,0.3565600633942485,5.679041459316636e-09,0.29098360655737704,0.38317757009345793,0.8670309653916212,0.2844364937388193
2025-09-05,5S,COINBASE->BITGET,-0.2351550183920126,0.5081498753245607,0.01869536758282475,3.7446847156452634e-07,0.22727272727272727,0.4624277456647399,0.8540856031128404,0.34593572778827975
2025-09-05,5S,BYBITSPOT->BINANCE,0.08088235294117646,0.4028567117638183,0.4186166599714083,5.6117840293579135e-05,0.375,0.29411764705882354,0.7418397626112759,0.3389830508474576
2025-09-05,5S,BYBITSPOT->COINBASE,0.021793048108837587,0.5002177700348431,0.8274832774064453,5.668630149724407e-07,0.20647773279352227,0.18468468468468469,0.7232142857142857,0.2229965156794425
2025-09-05,5S,BYBITSPOT->BITGET,0.04975760840290869,0.47234572914989115,0.6187828639905926,2.3186867030844382e-06,0.27848101265822783,0.22872340425531915,0.8007590132827325,0.3284132841328413
2025-09-05,5S,BITGET->BINANCE,0.15429652314898218,0.33340160576765526,0.12283921204369652,0.0008560171581626363,0.4180327868852459,0.26373626373626374,0.7205882352941176,0.3871866295264624
2025-09-05,5S,BITGET->COINBASE,0.07022270114942528,0.46357654495291634,0.48253760288775727,3.55619030822929e-06,0.265625,0.19540229885057472,0.6970260223048327,0.23344947735191637
2025-09-05,5S,BITGET->BYBITSPOT,0.01978456326282413,0.3498781835454081,0.8431658421010857,0.00046738883871433323,0.2450592885375494,0.22527472527472528,0.6476014760147601,0.29772329246935203
2025-09-05,10S,BINANCE->COINBASE,-0.07294041028980786,-0.02809008816075953,0.4657545087917012,0.7787864244406699,0.21621621621621623,0.2891566265060241,0.35353535353535354,0.38162544169611307
2025-09-05,10S,BINANCE->BYBITSPOT,0.036410366245448716,0.0012159110647906868,0.7157806020283215,0.9902986723886646,0.2413793103448276,0.20496894409937888,0.3696369636963696,0.3684210526315789
2025-09-05,10S,BINANCE->BITGET,-0.1916979557780559,-0.0501030155459824,0.05524052872490759,0.6163499003204187,0.18085106382978725,0.37254901960784315,0.39473684210526316,0.44483985765124556
2025-09-05,10S,COINBASE->BINANCE,-0.04117647058823526,0.05564881747690342,0.6805118929016869,0.5778771761327537,0.43529411764705883,0.4764705882352941,0.636963696369637,0.5813148788927336
2025-09-05,10S,COINBASE->BYBITSPOT,-0.029309006211180155,0.12112484515012134,0.7694533126873586,0.22580019847122523,0.33482142857142855,0.3641304347826087,0.5665961945031712,0.4454713493530499
2025-09-05,10S,COINBASE->BITGET,-0.10145014381591566,0.09049800489006443,0.31034354352592386,0.36547595687078016,0.3482142857142857,0.44966442953020136,0.5737327188940092,0.4832347140039448
2025-09-05,10S,BYBITSPOT->BINANCE,-0.02690476190476193,0.003711263685284849,0.7878930384877394,0.97039519621901,0.36,0.3869047619047619,0.5331230283911672,0.5294117647058824
2025-09-05,10S,BYBITSPOT->COINBASE,0.06416337285902501,0.034667158399409925,0.5211110279081992,0.7288380605170113,0.3217391304347826,0.25757575757575757,0.40365111561866124,0.3689839572192513
2025-09-05,10S,BYBITSPOT->BITGET,-0.05605309451463297,0.060631397587919245,0.5751173383368084,0.544306279771515,0.3108108108108108,0.3668639053254438,0.5705128205128205,0.5098814229249012
2025-09-05,10S,BITGET->BINANCE,0.11553459119496856,0.042147607809482956,0.24794880176253375,0.673407475810408,0.43,0.31446540880503143,0.5031645569620253,0.4610169491525424
2025-09-05,10S,BITGET->COINBASE,0.14606559589688214,-0.005989144675276059,0.14410988102105615,0.9522420921700716,0.3138075313807531,0.16774193548387098,0.358974358974359,0.36496350364963503
2025-09-05,10S,BITGET->BYBITSPOT,0.047619047619047616,0.04734184734184732,0.6339386838813459,0.6359146527333541,0.3333333333333333,0.2857142857142857,0.45274725274725275,0.40540540540540543
2025-09-05,15S,BINANCE->COINBASE,0.03452380952380951,0.06013672292245248,0.7299153814686656,0.5475954205920694,0.26785714285714285,0.23333333333333334,0.3548387096774194,0.2947019867549669
2025-09-05,15S,BINANCE->BYBITSPOT,-0.032727272727272744,0.13541247484909452,0.7434616181324358,0.17569658173922598,0.22727272727272727,0.26,0.5211267605633803,0.38571428571428573
2025-09-05,15S,BINANCE->BITGET,-0.12443064182194619,-0.13466183574879226,0.2133868097757219,0.1781031787154741,0.2898550724637681,0.4142857142857143,0.3472222222222222,0.48188405797101447
2025-09-05,15S,COINBASE->BINANCE,-0.13188535602328705,-0.08268086439085509,0.1872180741960574,0.40834552992740036,0.46551724137931033,0.5974025974025974,0.5483870967741935,0.6310679611650486
2025-09-05,15S,COINBASE->BYBITSPOT,-0.020503314234355696,0.14951968543128763,0.8375462312013167,0.13486307427009736,0.3864734299516908,0.4069767441860465,0.5675675675675675,0.4180478821362799
2025-09-05,15S,COINBASE->BITGET,-0.2661812886785584,0.09379509379509376,0.007772106957758984,0.3482696240075316,0.375609756097561,0.6417910447761194,0.6136363636363636,0.5198412698412699
2025-09-05,15S,BYBITSPOT->BINANCE,-0.20452830188679244,-0.030989787902592214,0.04082696386197204,0.7566386157565059,0.38666666666666666,0.5911949685534591,0.5473684210526316,0.5783582089552238
2025-09-05,15S,BYBITSPOT->COINBASE,-0.05374168514412414,0.026476706801992045,0.590979705733103,0.7911889076632426,0.3951219512195122,0.44886363636363635,0.3793103448275862,0.35283363802559414
2025-09-05,15S,BYBITSPOT->BITGET,-0.07989282669589576,0.10271741459860267,0.4243320073360386,0.304338469869496,0.39215686274509803,0.4720496894409938,0.594059405940594,0.49134199134199136
2025-09-05,15S,BITGET->BINANCE,-0.08808724832214765,0.03608470181503892,0.3783868424718193,0.7182138120641757,0.375,0.46308724832214765,0.5192307692307693,0.48314606741573035
2025-09-05,15S,BITGET->COINBASE,0.052511415525114125,0.04883304500895319,0.5995038364058507,0.6253157964859759,0.3470319634703196,0.2945205479452055,0.3968253968253968,0.3479923518164436
2025-09-05,15S,BITGET->BYBITSPOT,-0.05544177049553395,0.06889581889581886,0.5792930120123403,0.4908495795104362,0.3087557603686636,0.36419753086419754,0.4722222222222222,0.40332640332640335
2025-09-05,30S,BINANCE->COINBASE,0.028971962616822444,0.5,0.7720307404715341,5.733031438470704e-07,0.3,0.27102803738317754,0.5,0.0
2025-09-05,30S,BINANCE->BYBITSPOT,-0.11849529780564261,1.0,0.23603603903774983,0.0,0.1724137931034483,0.2909090909090909,1.0,0.0
2025-09-05,30S,BINANCE->BITGET,-0.1465706232383338,-0.5714285714285714,0.14272833554358666,1.101657720603555e-08,0.2903225806451613,0.4368932038834951,0.42857142857142855,1.0
2025-09-05,30S,COINBASE->BINANCE,-0.041114509004417266,0.3333333333333333,0.6809661488207939,0.0008581206663935692,0.5185185185185185,0.5596330275229358,0.3333333333333333,0.0
2025-09-05,30S,COINBASE->BYBITSPOT,-0.16417910447761191,-0.23076923076923078,0.10063331558310362,0.02101625622751868,0.3358208955223881,0.5,0.0,0.23076923076923078
2025-09-05,30S,COINBASE->BITGET,-0.21234146703255952,-0.26666666666666666,0.03371911894294488,0.00766076113517955,0.3237410071942446,0.5360824742268041,0.0,0.26666666666666666
2025-09-05,30S,BYBITSPOT->BINANCE,-0.3841642228739003,0.6666666666666666,0.00012221388607036587,2.616795669041494e-11,0.16129032258064516,0.5454545454545454,0.6666666666666666,0.0
2025-09-05,30S,BYBITSPOT->COINBASE,-0.10881542699724517,-0.25,0.2765270089202734,0.012419330651552318,0.2878787878787879,0.39669421487603307,0.0,0.25
2025-09-05,30S,BYBITSPOT->BITGET,-0.2204444444444444,0.25,0.027493102943026093,0.012419330651552318,0.35555555555555557,0.576,0.75,0.5
2025-09-05,30S,BITGET->BINANCE,-0.11293436293436293,0.0,0.2587529026812012,1.0,0.35135135135135137,0.4642857142857143,0.0,0.0
2025-09-05,30S,BITGET->COINBASE,-0.027603349031920466,-0.4166666666666667,0.7825223435698418,3.090859376464472e-05,0.29931972789115646,0.3269230769230769,0.0,0.4166666666666667
2025-09-05,30S,BITGET->BYBITSPOT,-0.17444961240310078,0.2272727272727273,0.08107261668654164,0.02304262008776181,0.20155038759689922,0.376,0.5,0.2727272727272727
2025-09-06,1S,BINANCE->COINBASE,-0.07353611300979723,0.2161687170474516,0.4621195877900339,0.03064229720157985,0.2543859649122807,0.32792207792207795,0.5307557117750439,0.3145869947275923
2025-09-06,1S,BINANCE->BYBITSPOT,-0.08933269552738582,0.20112781954887216,0.37168210693134895,0.044296080292354656,0.2079646017699115,0.2972972972972973,0.5018796992481203,0.3007518796992481
2025-09-06,1S,BINANCE->BITGET,-0.0804878048780488,0.14486921529175045,0.420890056776579,0.1474235728648483,0.24878048780487805,0.32926829268292684,0.5513078470824949,0.40643863179074446
2025-09-06,1S,COINBASE->BINANCE,-0.015855457227138603,0.11498257839721249,0.8740198219962372,0.25021563325986174,0.4424778761061947,0.4583333333333333,0.6515679442508711,0.5365853658536586
2025-09-06,1S,COINBASE->BYBITSPOT,-0.006472962653187364,0.13407821229050276,0.9483892737192505,0.1799912020905714,0.311284046692607,0.3177570093457944,0.5623836126629422,0.42830540037243947
2025-09-06,1S,COINBASE->BITGET,-0.08610857167733227,0.14388047808764937,0.3891908352346707,0.15020584146509108,0.3117408906882591,0.3978494623655914,0.614,0.4701195219123506
2025-09-06,1S,BYBITSPOT->BINANCE,-0.028615991851285993,0.04006968641114983,0.7747556410135721,0.688643319861689,0.4199134199134199,0.4485294117647059,0.5749128919860628,0.5348432055749129
2025-09-06,1S,BYBITSPOT->COINBASE,-0.13042818098997874,0.2595818815331011,0.1921375150111604,0.009436581162769242,0.24344569288389514,0.3738738738738739,0.5749128919860628,0.3153310104529617
2025-09-06,1S,BYBITSPOT->BITGET,-0.11438321790625317,0.15954809729128794,0.2526932418459409,0.11060472152270351,0.35390946502057613,0.4682926829268293,0.6614785992217899,0.5019305019305019
2025-09-06,1S,BITGET->BINANCE,0.02481626900231554,0.071281516536991,0.8040085325815636,0.4759601400337514,0.3852813852813853,0.36046511627906974,0.5311355311355311,0.45985401459854014
2025-09-06,1S,BITGET->COINBASE,-0.01617535903250189,0.16796065640262964,0.8714999011986901,0.09303388971804272,0.21851851851851853,0.23469387755102042,0.4934579439252336,0.325497287522604
2025-09-06,1S,BITGET->BYBITSPOT,-0.03670802437412818,0.16396949404761907,0.7135591634101583,0.10106861146094093,0.2840466926070039,0.32075471698113206,0.544921875,0.38095238095238093
2025-09-06,2S,BINANCE->COINBASE,-0.07353611300979723,0.2161687170474516,0.4621195877900339,0.03064229720157985,0.2543859649122807,0.32792207792207795,0.5307557117750439,0.3145869947275923
2025-09-06,2S,BINANCE->BYBITSPOT,-0.08933269552738582,0.20112781954887216,0.37168210693134895,0.044296080292354656,0.2079646017699115,0.2972972972972973,0.5018796992481203,0.3007518796992481
2025-09-06,2S,BINANCE->BITGET,-0.0804878048780488,0.14486921529175045,0.420890056776579,0.1474235728648483,0.24878048780487805,0.32926829268292684,0.5513078470824949,0.40643863179074446
2025-09-06,2S,COINBASE->BINANCE,-0.015855457227138603,0.11498257839721249,0.8740198219962372,0.25021563325986174,0.4424778761061947,0.4583333333333333,0.6515679442508711,0.5365853658536586
2025-09-06,2S,COINBASE->BYBITSPOT,-0.006472962653187364,0.13407821229050276,0.9483892737192505,0.1799912020905714,0.311284046692607,0.3177570093457944,0.5623836126629422,0.42830540037243947
2025-09-06,2S,COINBASE->BITGET,-0.08610857167733227,0.14388047808764937,0.3891908352346707,0.15020584146509108,0.3117408906882591,0.3978494623655914,0.614,0.4701195219123506
2025-09-06,2S,BYBITSPOT->BINANCE,-0.028615991851285993,0.04006968641114983,0.7747556410135721,0.688643319861689,0.4199134199134199,0.4485294117647059,0.5749128919860628,0.5348432055749129
2025-09-06,2S,BYBITSPOT->COINBASE,-0.13042818098997874,0.2595818815331011,0.1921375150111604,0.009436581162769242,0.24344569288389514,0.3738738738738739,0.5749128919860628,0.3153310104529617
2025-09-06,2S,BYBITSPOT->BITGET,-0.11438321790625317,0.15954809729128794,0.2526932418459409,0.11060472152270351,0.35390946502057613,0.4682926829268293,0.6614785992217899,0.5019305019305019
2025-09-06,2S,BITGET->BINANCE,0.02481626900231554,0.071281516536991,0.8040085325815636,0.4759601400337514,0.3852813852813853,0.36046511627906974,0.5311355311355311,0.45985401459854014
2025-09-06,2S,BITGET->COINBASE,-0.01617535903250189,0.16796065640262964,0.8714999011986901,0.09303388971804272,0.21851851851851853,0.23469387755102042,0.4934579439252336,0.325497287522604
2025-09-06,2S,BITGET->BYBITSPOT,-0.03670802437412818,0.16396949404761907,0.7135591634101583,0.10106861146094093,0.2840466926070039,0.32075471698113206,0.544921875,0.38095238095238093
2025-09-06,5S,BINANCE->COINBASE,-0.07353611300979723,0.2161687170474516,0.4621195877900339,0.03064229720157985,0.2543859649122807,0.32792207792207795,0.5307557117750439,0.3145869947275923
2025-09-06,5S,BINANCE->BYBITSPOT,-0.08933269552738582,0.20112781954887216,0.37168210693134895,0.044296080292354656,0.2079646017699115,0.2972972972972973,0.5018796992481203,0.3007518796992481
2025-09-06,5S,BINANCE->BITGET,-0.0804878048780488,0.14486921529175045,0.420890056776579,0.1474235728648483,0.24878048780487805,0.32926829268292684,0.5513078470824949,0.40643863179074446
2025-09-06,5S,COINBASE->BINANCE,-0.015855457227138603,0.11498257839721249,0.8740198219962372,0.25021563325986174,0.4424778761061947,0.4583333333333333,0.6515679442508711,0.5365853658536586
2025-09-06,5S,COINBASE->BYBITSPOT,-0.006472962653187364,0.13407821229050276,0.9483892737192505,0.1799912020905714,0.311284046692607,0.3177570093457944,0.5623836126629422,0.42830540037243947
2025-09-06,5S,COINBASE->BITGET,-0.08610857167733227,0.14388047808764937,0.3891908352346707,0.15020584146509108,0.3117408906882591,0.3978494623655914,0.614,0.4701195219123506
2025-09-06,5S,BYBITSPOT->BINANCE,-0.028615991851285993,0.04006968641114983,0.7747556410135721,0.688643319861689,0.4199134199134199,0.4485294117647059,0.5749128919860628,0.5348432055749129
2025-09-06,5S,BYBITSPOT->COINBASE,-0.13042818098997874,0.2595818815331011,0.1921375150111604,0.009436581162769242,0.24344569288389514,0.3738738738738739,0.5749128919860628,0.3153310104529617
2025-09-06,5S,BYBITSPOT->BITGET,-0.11438321790625317,0.15954809729128794,0.2526932418459409,0.11060472152270351,0.35390946502057613,0.4682926829268293,0.6614785992217899,0.5019305019305019
2025-09-06,5S,BITGET->BINANCE,0.02481626900231554,0.071281516536991,0.8040085325815636,0.4759601400337514,0.3852813852813853,0.36046511627906974,0.5311355311355311,0.45985401459854014
2025-09-06,5S,BITGET->COINBASE,-0.01617535903250189,0.16796065640262964,0.8714999011986901,0.09303388971804272,0.21851851851851853,0.23469387755102042,0.4934579439252336,0.325497287522604
2025-09-06,5S,BITGET->BYBITSPOT,-0.03670802437412818,0.16396949404761907,0.7135591634101583,0.10106861146094093,0.2840466926070039,0.32075471698113206,0.544921875,0.38095238095238093
2025-09-06,10S,BINANCE->COINBASE,-0.17580097690206142,-0.027345384551008434,0.07874584713288546,0.7845043666248903,0.2872340425531915,0.46303501945525294,0.34523809523809523,0.37258347978910367
2025-09-06,10S,BINANCE->BYBITSPOT,-0.15630958783552534,0.007182691828910015,0.11803004494855673,0.9427396504455134,0.30386740331491713,0.46017699115044247,0.37748344370860926,0.37030075187969924
2025-09-06,10S,BINANCE->BITGET,-0.06258879242304655,-0.05041752459391441,0.5313884556963524,0.6141382339151158,0.4088397790055249,0.4714285714285714,0.3971631205673759,0.4475806451612903
2025-09-06,10S,COINBASE->BINANCE,0.04859569163647698,-0.10631049167634532,0.6269977128766777,0.28773437499201293,0.5175879396984925,0.4689922480620155,0.4111111111111111,0.5174216027874564
2025-09-06,10S,COINBASE->BYBITSPOT,-0.08974910394265234,0.0155126168144466,0.36945695270599366,0.8767218526993459,0.3511111111111111,0.44086021505376344,0.45871559633027525,0.44320297951582865
2025-09-06,10S,COINBASE->BITGET,-0.06965536564864111,-0.03143216607255189,0.48608216701250395,0.753276748416422,0.4604651162790698,0.5301204819277109,0.45263157894736844,0.48406374501992033
2025-09-06,10S,BYBITSPOT->BINANCE,-0.07387178992910537,-0.09674201137615773,0.46007831450699377,0.33333405907093505,0.4873096446700508,0.5611814345991561,0.45726495726495725,0.554006968641115
2025-09-06,10S,BYBITSPOT->COINBASE,-0.16941391941391942,0.08776616337591941,0.0902388360543036,0.3801273709704378,0.2948717948717949,0.4642857142857143,0.5111111111111111,0.42334494773519166
2025-09-06,10S,BYBITSPOT->BITGET,-0.05291276346604212,-0.12138314785373616,0.5967169123688532,0.2248120831086231,0.5044642857142857,0.5573770491803278,0.42567567567567566,0.5470588235294118
2025-09-06,10S,BITGET->BINANCE,-0.060569995536947696,-0.08984357788059044,0.544714013668055,0.36895326895217817,0.3744075829383886,0.4349775784753363,0.4176470588235294,0.5074906367041199
2025-09-06,10S,BITGET->COINBASE,-0.13273048291658712,0.07955285435207293,0.18440786703647505,0.4263061140383515,0.24596774193548387,0.378698224852071,0.4411764705882353,0.36162361623616235
2025-09-06,10S,BITGET->BYBITSPOT,-0.10779026556693555,-0.02530048076923075,0.28107720017104554,0.8002644980409326,0.3093220338983051,0.41711229946524064,0.36923076923076925,0.39453125
2025-09-06,15S,BINANCE->COINBASE,-0.12446677964120845,0.0060606060606061,0.21325388815918322,0.95167294673366,0.40764331210191085,0.5321100917431193,0.5151515151515151,0.509090909090909
2025-09-06,15S,BINANCE->BYBITSPOT,-0.18108073169155192,-0.06344056952329463,0.07017068330394949,0.5258160937548151,0.29012345679012347,0.4712041884816754,0.4489051094890511,0.5123456790123457
2025-09-06,15S,BINANCE->BITGET,-0.062406729073395784,-0.1008230452674897,0.5325833940220905,0.31334384166629903,0.43209876543209874,0.4945054945054945,0.3991769547325103,0.5
2025-09-06,15S,COINBASE->BINANCE,0.18247728860936407,-0.15641059720007083,0.0680353090988417,0.11779268373089757,0.6037735849056604,0.4212962962962963,0.45933014354066987,0.6157407407407407
2025-09-06,15S,COINBASE->BYBITSPOT,0.0017007369860272958,-0.04057415791830432,0.9864307363247877,0.6849324880338596,0.49214659685863876,0.49044585987261147,0.5247524752475248,0.5653266331658291
2025-09-06,15S,COINBASE->BITGET,-0.0031780426146622576,-0.12638048593104773,0.9746471564232899,0.20630007663513528,0.517948717948718,0.5211267605633803,0.47191011235955055,0.5982905982905983
2025-09-06,15S,BYBITSPOT->BINANCE,-0.029427191166321587,-0.13932584269662918,0.7685501341587788,0.16354165730818204,0.49714285714285716,0.5265700483091788,0.4606741573033708,0.6
2025-09-06,15S,BYBITSPOT->COINBASE,-0.15229851444613413,-0.028663664589887505,0.12776242209690114,0.7743905519037231,0.4320388349514563,0.5843373493975904,0.4806201550387597,0.5092838196286472
2025-09-06,15S,BYBITSPOT->BITGET,-0.05527241839582575,-0.20659146206591467,0.5804522906655774,0.038836542081364334,0.5422885572139303,0.5975609756097561,0.4393939393939394,0.6459854014598541
2025-09-06,15S,BITGET->BINANCE,-0.05852287931495853,-0.07389365351629501,0.5583938868502267,0.4599455358539979,0.4810810810810811,0.5396039603960396,0.4581818181818182,0.5320754716981132
2025-09-06,15S,BITGET->COINBASE,-0.10056390977443608,0.009851907630522128,0.3145892092180178,0.9215201249440177,0.39285714285714285,0.4934210526315789,0.4947916666666667,0.48493975903614456
2025-09-06,15S,BITGET->BYBITSPOT,-0.10860998328158583,-0.05759980759980754,0.2774348263284643,0.5646164820667536,0.41037735849056606,0.5189873417721519,0.4642857142857143,0.5218855218855218
2025-09-06,30S,BINANCE->COINBASE,-0.16048929663608563,0.0,0.10851736172351756,1.0,0.4266666666666667,0.5871559633027523,0.0,0.0
2025-09-06,30S,BINANCE->BYBITSPOT,-0.0661696178937558,0.0,0.5081659540527896,1.0,0.40229885057471265,0.46846846846846846,0.0,0.0
2025-09-06,30S,BINANCE->BITGET,0.11191489361702128,-0.5,0.2630766058321119,5.733031438470704e-07,0.5319148936170213,0.42,0.5,1.0
2025-09-06,30S,COINBASE->BINANCE,0.2139466546112116,-0.4666666666666666,0.032397902492780295,3.0612534731577767e-06,0.5443037974683544,0.33035714285714285,0.2,0.6666666666666666
2025-09-06,30S,COINBASE->BYBITSPOT,0.07999999999999996,-0.125,0.4237107971667937,0.2112995473337107,0.48,0.4,0.0,0.125
2025-09-06,30S,COINBASE->BITGET,0.18518518518518523,-0.3333333333333333,0.06404709948144305,0.0008581206663935692,0.5555555555555556,0.37037037037037035,0.0,0.3333333333333333
2025-09-06,30S,BYBITSPOT->BINANCE,0.07499560400914368,0.6666666666666666,0.45328118113815274,2.616795669041494e-11,0.5212765957446809,0.4462809917355372,0.6666666666666666,0.0
2025-09-06,30S,BYBITSPOT->COINBASE,-0.1698564593301436,-0.7,0.08940125246624131,2.559730205575761e-12,0.42105263157894735,0.5909090909090909,0.0,0.7
2025-09-06,30S,BYBITSPOT->BITGET,0.01251443973815941,-0.1111111111111111,0.9004092355207849,0.26652052580501095,0.4716981132075472,0.45918367346938777,0.3333333333333333,0.4444444444444444
2025-09-06,30S,BITGET->BINANCE,0.06406926406926405,0.0714285714285714,0.52172239651083,0.4750505240539531,0.45454545454545453,0.3904761904761905,0.5714285714285714,0.5
2025-09-06,30S,BITGET->COINBASE,-0.09305172941536577,-0.75,0.352103314130944,6.372680161348399e-14,0.3884297520661157,0.48148148148148145,0.0,0.75
2025-09-06,30S,BITGET->BYBITSPOT,-0.03234042553191485,-0.09999999999999998,0.7463891072755133,0.31731050786291415,0.34,0.3723404255319149,0.5,0.6
2025-09-07,1S,BINANCE->COINBASE,-0.1744273921637019,0.16842105263157897,0.08111133674409432,0.09214098965388828,0.2581967213114754,0.4326241134751773,0.5719298245614035,0.40350877192982454
2025-09-07,1S,BINANCE->BYBITSPOT,-0.09689266984403558,0.2050290135396518,0.3325817634683701,0.04033612664666664,0.20675105485232068,0.30364372469635625,0.49709864603481624,0.29206963249516443
2025-09-07,1S,BINANCE->BITGET,-0.051610661828569215,0.1936655569202922,0.6057799457860997,0.052787460343665105,0.27918781725888325,0.33079847908745247,0.5463709677419355,0.3527054108216433
2025-09-07,1S,COINBASE->BINANCE,-0.0015350877192982781,0.14111498257839722,0.9877522531239236,0.15820044093727859,0.3458333333333333,0.3473684210526316,0.5958188153310104,0.4547038327526132
2025-09-07,1S,COINBASE->BYBITSPOT,-0.05431133230635543,0.1324376199616123,0.5870517800237167,0.18537813496227074,0.3065134099616858,0.36082474226804123,0.508637236084453,0.3761996161228407
2025-09-07,1S,COINBASE->BITGET,0.007717917675544805,0.18388918969153806,0.9384810067706728,0.06593108787830015,0.3559322033898305,0.3482142857142857,0.59026369168357,0.4063745019920319
2025-09-07,1S,BYBITSPOT->BINANCE,-0.14724435590969454,0.04878048780487798,0.14090113775646418,0.625688055872567,0.3944223107569721,0.5416666666666666,0.5836236933797909,0.5348432055749129
2025-09-07,1S,BYBITSPOT->COINBASE,-0.09241935483870967,0.1752284875129978,0.35538555405353867,0.0797248354620772,0.3225806451612903,0.415,0.5940766550522648,0.418848167539267
2025-09-07,1S,BYBITSPOT->BITGET,-0.1387628554143981,0.03833768674765403,0.1652501818932901,0.7014403525901272,0.40948275862068967,0.5482456140350878,0.5973782771535581,0.559040590405904
2025-09-07,1S,BITGET->BINANCE,0.09660474055092888,0.1308579607645028,0.33402046037989797,0.1906767922835928,0.43946188340807174,0.34285714285714286,0.5813084112149532,0.45045045045045046
2025-09-07,1S,BITGET->COINBASE,-0.07682595182595181,0.18847751626614578,0.44233301980348916,0.05946019961714466,0.29924242424242425,0.37606837606837606,0.5391969407265774,0.35071942446043164
2025-09-07,1S,BITGET->BYBITSPOT,-0.02828086310576583,0.17727594443952926,0.7773235376976384,0.07626857625326489,0.27626459143968873,0.30454545454545456,0.5255905511811023,0.34831460674157305
2025-09-07,2S,BINANCE->COINBASE,-0.1744273921637019,0.16842105263157897,0.08111133674409432,0.09214098965388828,0.2581967213114754,0.4326241134751773,0.5719298245614035,0.40350877192982454
2025-09-07,2S,BINANCE->BYBITSPOT,-0.09689266984403558,0.2050290135396518,0.3325817634683701,0.04033612664666664,0.20675105485232068,0.30364372469635625,0.49709864603481624,0.29206963249516443
2025-09-07,2S,BINANCE->BITGET,-0.051610661828569215,0.1936655569202922,0.6057799457860997,0.052787460343665105,0.27918781725888325,0.33079847908745247,0.5463709677419355,0.3527054108216433
2025-09-07,2S,COINBASE->BINANCE,-0.0015350877192982781,0.14111498257839722,0.9877522531239236,0.15820044093727859,0.3458333333333333,0.3473684210526316,0.5958188153310104,0.4547038327526132
2025-09-07,2S,COINBASE->BYBITSPOT,-0.05431133230635543,0.1324376199616123,0.5870517800237167,0.18537813496227074,0.3065134099616858,0.36082474226804123,0.508637236084453,0.3761996161228407
2025-09-07,2S,COINBASE->BITGET,0.007717917675544805,0.18388918969153806,0.9384810067706728,0.06593108787830015,0.3559322033898305,0.3482142857142857,0.59026369168357,0.4063745019920319
2025-09-07,2S,BYBITSPOT->BINANCE,-0.14724435590969454,0.04878048780487798,0.14090113775646418,0.625688055872567,0.3944223107569721,0.5416666666666666,0.5836236933797909,0.5348432055749129
2025-09-07,2S,BYBITSPOT->COINBASE,-0.09241935483870967,0.1752284875129978,0.35538555405353867,0.0797248354620772,0.3225806451612903,0.415,0.5940766550522648,0.418848167539267
2025-09-07,2S,BYBITSPOT->BITGET,-0.1387628554143981,0.03833768674765403,0.1652501818932901,0.7014403525901272,0.40948275862068967,0.5482456140350878,0.5973782771535581,0.559040590405904
2025-09-07,2S,BITGET->BINANCE,0.09660474055092888,0.1308579607645028,0.33402046037989797,0.1906767922835928,0.43946188340807174,0.34285714285714286,0.5813084112149532,0.45045045045045046
2025-09-07,2S,BITGET->COINBASE,-0.07682595182595181,0.18847751626614578,0.44233301980348916,0.05946019961714466,0.29924242424242425,0.37606837606837606,0.5391969407265774,0.35071942446043164
2025-09-07,2S,BITGET->BYBITSPOT,-0.02828086310576583,0.17727594443952926,0.7773235376976384,0.07626857625326489,0.27626459143968873,0.30454545454545456,0.5255905511811023,0.34831460674157305
2025-09-07,5S,BINANCE->COINBASE,-0.1744273921637019,0.16842105263157897,0.08111133674409432,0.09214098965388828,0.2581967213114754,0.4326241134751773,0.5719298245614035,0.40350877192982454
2025-09-07,5S,BINANCE->BYBITSPOT,-0.09689266984403558,0.2050290135396518,0.3325817634683701,0.04033612664666664,0.20675105485232068,0.30364372469635625,0.49709864603481624,0.29206963249516443
2025-09-07,5S,BINANCE->BITGET,-0.051610661828569215,0.1936655569202922,0.6057799457860997,0.052787460343665105,0.27918781725888325,0.33079847908745247,0.5463709677419355,0.3527054108216433
2025-09-07,5S,COINBASE->BINANCE,-0.0015350877192982781,0.14111498257839722,0.9877522531239236,0.15820044093727859,0.3458333333333333,0.3473684210526316,0.5958188153310104,0.4547038327526132
2025-09-07,5S,COINBASE->BYBITSPOT,-0.05431133230635543,0.1324376199616123,0.5870517800237167,0.18537813496227074,0.3065134099616858,0.36082474226804123,0.508637236084453,0.3761996161228407
2025-09-07,5S,COINBASE->BITGET,0.007717917675544805,0.18388918969153806,0.9384810067706728,0.06593108787830015,0.3559322033898305,0.3482142857142857,0.59026369168357,0.4063745019920319
2025-09-07,5S,BYBITSPOT->BINANCE,-0.14724435590969454,0.04878048780487798,0.14090113775646418,0.625688055872567,0.3944223107569721,0.5416666666666666,0.5836236933797909,0.5348432055749129
2025-09-07,5S,BYBITSPOT->COINBASE,-0.09241935483870967,0.1752284875129978,0.35538555405353867,0.0797248354620772,0.3225806451612903,0.415,0.5940766550522648,0.418848167539267
2025-09-07,5S,BYBITSPOT->BITGET,-0.1387628554143981,0.03833768674765403,0.1652501818932901,0.7014403525901272,0.40948275862068967,0.5482456140350878,0.5973782771535581,0.559040590405904
2025-09-07,5S,BITGET->BINANCE,0.09660474055092888,0.1308579607645028,0.33402046037989797,0.1906767922835928,0.43946188340807174,0.34285714285714286,0.5813084112149532,0.45045045045045046
2025-09-07,5S,BITGET->COINBASE,-0.07682595182595181,0.18847751626614578,0.44233301980348916,0.05946019961714466,0.29924242424242425,0.37606837606837606,0.5391969407265774,0.35071942446043164
2025-09-07,5S,BITGET->BYBITSPOT,-0.02828086310576583,0.17727594443952926,0.7773235376976384,0.07626857625326489,0.27626459143968873,0.30454545454545456,0.5255905511811023,0.34831460674157305
2025-09-07,10S,BINANCE->COINBASE,-0.18840942255576404,0.06315789473684214,0.059552231178992665,0.5276620467907835,0.3073170731707317,0.49572649572649574,0.4473684210526316,0.38421052631578945
2025-09-07,10S,BINANCE->BYBITSPOT,-0.09682247294496893,0.06189555125725338,0.3329321470211244,0.5359456665348632,0.3217821782178218,0.4186046511627907,0.45454545454545453,0.39264990328820115
2025-09-07,10S,BINANCE->BITGET,-0.17046307884856066,-0.007558595451773065,0.08826330543600935,0.9397485111659649,0.35294117647058826,0.5234042553191489,0.4673913043478261,0.4749498997995992
2025-09-07,10S,COINBASE->BINANCE,0.0720164609053498,-0.0592891986062718,0.47142365135545283,0.5532534415781041,0.5,0.4279835390946502,0.432,0.4912891986062718
2025-09-07,10S,COINBASE->BYBITSPOT,0.006030855539971958,0.025176834659593306,0.951909888127167,0.8012201250884912,0.36086956521739133,0.3548387096774194,0.4540229885057471,0.4288461538461538
2025-09-07,10S,COINBASE->BITGET,-0.06127899877899873,0.08393349678210243,0.5400152119348829,0.4012813659726828,0.39903846153846156,0.4603174603174603,0.5480769230769231,0.4641434262948207
2025-09-07,10S,BYBITSPOT->BINANCE,-0.03998470948012234,-0.0681579120373414,0.6892691410610585,0.4955051213436543,0.518348623853211,0.5583333333333333,0.4858490566037736,0.554006968641115
2025-09-07,10S,BYBITSPOT->COINBASE,-0.12016806722689077,0.12057376365607542,0.22948727228405996,0.22791866824996188,0.36554621848739494,0.4857142857142857,0.5619047619047619,0.4413309982486865
2025-09-07,10S,BYBITSPOT->BITGET,-0.16280115066522827,-0.10959702542458044,0.10352244592995152,0.2730917920880298,0.4537037037037037,0.616504854368932,0.46236559139784944,0.5719626168224299
2025-09-07,10S,BITGET->BINANCE,0.01836547291092744,0.06769309072401064,0.8542843256510217,0.4984497930881542,0.46464646464646464,0.4462809917355372,0.5344827586206896,0.466789667896679
2025-09-07,10S,BITGET->COINBASE,-0.025539583247027653,0.06393939393939391,0.7984173892985706,0.522566690652037,0.35564853556485354,0.3811881188118812,0.5075757575757576,0.44363636363636366
2025-09-07,10S,BITGET->BYBITSPOT,0.026477734632241068,0.17742758057935537,0.7911809892439194,0.0760175404938479,0.38626609442060084,0.35978835978835977,0.5592105263157895,0.3817829457364341
2025-09-07,15S,BINANCE->COINBASE,-0.2686046511627907,-0.013255813953488405,0.007230302309413794,0.8945428399879733,0.3313953488372093,0.6,0.51,0.5232558139534884
2025-09-07,15S,BINANCE->BYBITSPOT,-0.08347944671731933,0.04106919926728814,0.4038334416021687,0.6812983991427057,0.40804597701149425,0.4915254237288136,0.5425101214574899,0.5014409221902018
2025-09-07,15S,BINANCE->BITGET,-0.11995711988565305,-0.03596273291925467,0.23030591769659203,0.7191258433876504,0.45517241379310347,0.5751295336787565,0.532608695652174,0.5685714285714286
2025-09-07,15S,COINBASE->BINANCE,0.04419954970968126,-0.2133597011645792,0.6584924643717283,0.032875782822928024,0.5287356321839081,0.4845360824742268,0.3963963963963964,0.6097560975609756
2025-09-07,15S,COINBASE->BYBITSPOT,-0.0416899163013153,-0.07196188579961604,0.6767521657831637,0.47175969784771166,0.43523316062176165,0.47692307692307695,0.4878048780487805,0.5597667638483965
2025-09-07,15S,COINBASE->BITGET,-0.029269125683060115,-0.04038429228207907,0.7697581534202025,0.6863282306246266,0.4644808743169399,0.49375,0.4824120603015075,0.5227963525835866
2025-09-07,15S,BYBITSPOT->BINANCE,0.003891372743831778,-0.04424847898905271,0.9689591719460979,0.65813843441343,0.5846994535519126,0.5808080808080808,0.557632398753894,0.6018808777429467
2025-09-07,15S,BYBITSPOT->COINBASE,-0.10002734855736362,0.04821724086053858,0.31717817495616263,0.6296834755029348,0.4563106796116505,0.5563380281690141,0.5916955017301038,0.5434782608695652
2025-09-07,15S,BYBITSPOT->BITGET,-0.1497528437853612,-0.056563620071684584,0.13425581168605927,0.5716411135839352,0.47668393782383417,0.6264367816091954,0.53125,0.5878136200716846
2025-09-07,15S,BITGET->BINANCE,0.0535714285714286,-0.030606034257890602,0.5921560289089227,0.7595587019555408,0.5535714285714286,0.5,0.4976958525345622,0.5283018867924528
2025-09-07,15S,BITGET->COINBASE,-0.12230196343940425,-0.07602614776527816,0.22132228047984892,0.4470983034955607,0.4834123222748815,0.6057142857142858,0.4590909090909091,0.5351170568561873
2025-09-07,15S,BITGET->BYBITSPOT,-0.06750700280112043,-0.014470001036745228,0.49963127479275826,0.8849477309725788,0.3619047619047619,0.4294117647058823,0.5059760956175299,0.5204460966542751
2025-09-07,30S,BINANCE->COINBASE,-0.03673094582185488,-0.2666666666666666,0.7133881997939153,0.00766076113517955,0.43434343434343436,0.47107438016528924,0.4,0.6666666666666666
2025-09-07,30S,BINANCE->BYBITSPOT,-0.1449275362318841,0.5,0.14726069868518277,5.733031438470704e-07,0.3333333333333333,0.4782608695652174,0.5,0.0
2025-09-07,30S,BINANCE->BITGET,-0.12786130299336307,0.5,0.20103335924507126,5.733031438470704e-07,0.37681159420289856,0.5046728971962616,0.5,0.0
2025-09-07,30S,COINBASE->BINANCE,0.1997341309405118,-0.6,0.04578811874617572,1.973175400848959e-09,0.5980392156862745,0.3983050847457627,0.4,1.0
2025-09-07,30S,COINBASE->BYBITSPOT,-0.14094476073242035,-0.25,0.15870285529219563,0.012419330651552318,0.38144329896907214,0.5223880597014925,0.0,0.25
2025-09-07,30S,COINBASE->BITGET,0.14931476569407603,-0.25,0.13539854004098717,0.012419330651552318,0.47115384615384615,0.3218390804597701,0.25,0.5
2025-09-07,30S,BYBITSPOT->BINANCE,-0.08780207134637513,-1.0,0.37993247801425456,0.0,0.43037974683544306,0.5181818181818182,0.0,1.0
2025-09-07,30S,BYBITSPOT->COINBASE,-0.12250000000000005,-0.25,0.22057522050570233,0.012419330651552318,0.4375,0.56,0.0,0.25
2025-09-07,30S,BYBITSPOT->BITGET,0.09382393734192712,-0.5,0.3481214082894222,5.733031438470704e-07,0.5210084033613446,0.42718446601941745,0.0,0.5
2025-09-07,30S,BITGET->BINANCE,0.07921195652173912,0.0,0.4282909629222764,1.0,0.453125,0.3739130434782609,1.0,1.0
2025-09-07,30S,BITGET->COINBASE,-0.11702127659574468,0.5,0.24191535671495945,5.733031438470704e-07,0.3829787234042553,0.5,0.5,0.0
2025-09-07,30S,BITGET->BYBITSPOT,-0.007074136955291466,0.5,0.9436035951520403,5.733031438470704e-07,0.41228070175438597,0.41935483870967744,1.0,0.5
